"date","yday","bikes","cars","trucks","others","tempmin","tempmax","temp","humidity","tempdew","cloudiness","rain","sunshine","wind","windmax"
2021-01-01,0,2,3135,25,1,0.2,2.6,1.32,85,-0.93,99,1.2,50,1.38,3.7
2021-01-02,1,7,6593,32,10,1.6,4,2.63,72,-1.99,100,0,13,1.35,2.4
2021-01-03,2,0,3367,30,2,-0.4,1.2,0.19,94,-0.65,98,13.5,0,1.74,2.8
2021-01-04,3,0,2186,75,0,-0.6,-0.1,-0.37,97,-0.78,99,3.8,0,1.39,2.1
2021-01-05,4,3,2071,68,0,-0.6,0.5,-0.21,98,-0.46,98,5.3,0,1.42,2.1
2021-01-06,5,1,2022,97,0,-0.2,0.5,0.17,93,-0.84,97,4.5,0,3.02,4.6
2021-01-07,6,1,1908,76,4,-1.7,1.2,0,82,-2.75,98,0,20,2.21,3.8
2021-01-08,7,0,2169,92,0,-1.9,0.6,-0.46,91,-1.81,98,0.3,0,1.86,4.1
2021-01-09,8,0,2115,30,1,-1.1,0.2,-0.46,89,-2,97,1.4,0,3.07,4.7
2021-01-10,9,0,2302,18,0,-8.2,1.2,-2.69,84,-5.06,44,0,271,1.62,2.9
2021-01-11,10,2,1295,80,1,-0.4,3.2,1.51,77,-2.17,98,0,32,2.44,5.5
2021-01-12,11,0,1139,96,1,0.9,5.3,2.88,78,-0.69,86,1.4,5,5.72,8.6
2021-01-13,12,1,1213,82,2,0,2.8,1.97,76,-1.77,79,3.6,47,7.23,9.9
2021-01-14,13,0,1422,85,0,-1.3,0.2,-0.39,86,-2.48,97,0.3,0,4.31,8.8
2021-01-15,14,0,1593,78,3,-3.5,-0.6,-1.43,90,-2.93,99,1.1,0,3.03,4.7
2021-01-16,15,1,2455,29,1,-4.3,-1.1,-3.06,76,-6.64,99,0,0,1.87,3.6
2021-01-17,16,0,2900,19,2,-6.1,-1.4,-2.93,77,-6.49,98,0,61,1.61,3.2
2021-01-18,17,0,1553,82,0,-1.9,4.3,2.62,79,-0.72,94,0.1,92,4.46,6.8
2021-01-19,18,0,1007,87,1,2.2,8.4,4.57,77,0.92,96,3.7,0,6.23,10.5
2021-01-20,19,0,1461,103,2,4.8,9.2,6.92,64,0.5,100,0,153,5.94,10.2
2021-01-21,20,0,1145,97,1,5,10.2,7.17,66,1.15,94,2.6,69,4.45,9
2021-01-22,21,2,1408,93,2,0.5,9.7,5.57,75,1.48,93,2.6,12,4.04,8.8
2021-01-23,22,1,2294,30,1,-0.2,6.4,2.28,80,-1.04,95,0,85,1.85,4.3
2021-01-24,23,0,2331,32,2,-0.7,1.4,0.02,91,-1.33,98,1.1,0,2.23,4.8
2021-01-25,24,0,1750,84,0,-2.6,2.2,-0.4,80,-3.47,84,0,114,1.55,3
2021-01-26,25,0,1372,101,1,-1.4,1.8,0.45,82,-2.26,96,1,31,3.24,4.9
2021-01-27,26,3,1650,93,2,-2,4,1.68,76,-2.15,99,0,53,2.45,5.1
2021-01-28,27,1,1415,84,2,-0.4,4.6,2.38,90,0.83,97,6.7,0,2.39,5.8
2021-01-29,28,0,1334,86,2,-0.8,5.1,-0.05,94,-0.99,96,7.5,0,2.75,4.5
2021-01-30,29,0,1886,31,1,-2.8,1.2,-1.74,89,-3.3,99,3.9,0,2.35,4.7
2021-01-31,30,1,3551,20,4,-8.8,-2.5,-4.43,80,-7.47,65,0,462,1.74,3.5
2021-02-01,31,1,1684,93,2,-5.3,1.7,-1.52,83,-4.02,99,0,1,2.12,4.1
2021-02-02,32,0,1526,94,1,0.3,4.6,2.16,90,0.71,96,0.6,1,1.58,3.7
2021-02-03,33,0,1042,83,0,4.7,10.4,7.57,86,5.25,85,3.4,4,2.78,7.7
2021-02-04,34,0,1140,95,1,2.3,8,5.94,83,3.21,97,1.9,88,2.98,6.4
2021-02-05,35,0,1270,77,0,-0.2,2.1,1.06,99,0.9,99,2.5,0,2.8,5.1
2021-02-06,36,0,1286,28,0,-3.5,-0.3,-1.89,94,-2.66,97,2.3,0,3.59,4.6
2021-02-07,37,0,312,37,1,-8.2,-3.8,-6.69,89,-8.21,95,23.7,0,4.09,6
2021-02-08,38,0,357,41,1,-12,-8.4,-9.93,88,-11.56,95,17.5,0,2.41,4.4
2021-02-09,39,0,611,38,1,-17.4,-9.4,-12.58,85,-14.57,99,0.1,191,0.93,1.8
2021-02-10,40,0,802,62,1,-12.2,-5.8,-8.96,87,-10.69,91,0,0,1.68,3.2
2021-02-11,41,0,911,63,1,-11.7,-4.5,-6.62,85,-8.73,92,0,42,2.51,3.8
2021-02-12,42,0,1236,56,2,-14.5,-4.5,-9.7,87,-11.59,63,0.2,196,1.02,1.9
2021-02-13,43,0,1538,29,0,-18.2,-5.3,-12.11,83,-14.6,8,0,533,1.26,2.2
2021-02-14,44,0,1743,13,0,-18.1,-1.3,-10.25,78,-13.69,32,0,540,1.52,4.5
2021-02-15,45,0,947,79,0,-2.1,4.2,0.39,52,-9.1,97,1,0,5.97,10.7
2021-02-16,46,0,967,74,0,3.4,9,5.69,77,2.01,99,0,68,3.58,8.2
2021-02-17,47,0,1129,82,1,6,9,7.42,73,2.89,67,0.3,377,4.94,7.5
2021-02-18,48,2,1288,111,0,4.7,9.9,7.36,71,2.35,99,0.3,237,4.06,6.2
2021-02-19,49,5,1389,75,1,4.8,10.3,7.08,64,0.47,81,0.5,484,3.21,6.3
2021-02-20,50,23,1583,29,0,2.8,15.1,10.25,66,3.83,83,0,460,3.43,9
2021-02-21,51,77,1858,17,0,7.2,18.6,14.35,42,1.24,40,0,575,3.65,9.5
2021-02-22,52,17,1233,91,0,0.6,17.4,9.28,58,0.73,7,0,528,1.57,2.7
2021-02-23,53,20,1241,129,1,7.7,18.3,14.44,54,5.07,72,0,394,3.6,8.7
2021-02-24,54,45,1335,123,1,11.6,18.6,14.75,61,7.16,44,0,458,4.45,7.9
2021-02-25,55,39,1383,137,0,9.7,19.5,14.68,54,5.05,19,0,527,2.92,6.4
2021-02-26,56,0,1113,86,2,4.9,9.8,7.04,78,3.42,89,3.8,37,3.44,6.3
2021-02-27,57,2,1160,27,0,2.3,4.7,3.7,85,1.42,91,0,0,3.77,6.1
2021-02-28,58,7,1676,13,1,1.5,7.8,4.29,87,2.21,54,0,524,2.14,4.9
2021-03-01,59,8,1131,106,1,-0.1,7.1,2.72,89,1.07,74,0,389,1.48,2.5
2021-03-02,60,27,1284,124,2,-2.1,9.6,2.96,89,1.28,32,0,594,1.06,2.4
2021-03-03,61,35,1375,84,0,-1,16.9,7.96,63,0.3,43,0,483,2.24,4.7
2021-03-04,62,0,989,116,1,1.4,10,3.85,91,2.33,96,0,0,3.19,5.4
2021-03-05,63,1,1300,98,1,-3.1,3.6,0.52,81,-2.57,61,0.8,215,2.65,4.2
2021-03-06,64,2,1477,28,1,-5.6,4.5,0.58,72,-4,54,0,185,2.45,4.3
2021-03-07,65,2,1452,5,0,-1.8,2.8,1.76,69,-3.5,97,0,16,3.23,5.5
2021-03-08,66,3,1236,101,0,-0.9,4.4,1.57,69,-3.91,83,0.5,425,2.48,4.4
2021-03-09,67,0,1069,169,1,-0.9,4.9,2.48,69,-2.66,94,0,35,2.53,4
2021-03-10,68,1,1178,137,1,1.7,7,4.34,72,-0.51,98,0,179,2.29,5.5
2021-03-11,69,0,858,115,2,3.9,13.1,7.68,72,2.9,79,4.1,173,5.84,10.5
2021-03-12,70,4,1189,107,0,3.8,9.6,6.48,66,0.34,79,3.6,551,6.64,9.3
2021-03-13,71,0,814,22,0,3.9,7.5,5.76,73,1.16,76,9.9,114,7.59,12.2
2021-03-14,72,0,1041,25,0,4.2,7.1,5.21,69,-0.03,78,0.2,215,6.65,9.8
2021-03-15,73,0,985,111,0,1.9,7.3,4.47,77,0.77,86,2.7,297,5.1,8
2021-03-16,74,1,1245,161,1,1.9,5.7,3.53,74,-0.63,80,0.4,92,5.38,6.9
2021-03-17,75,1,1256,111,1,-0.4,4.7,2.18,78,-1.48,87,0.1,108,2.85,4.3
2021-03-18,76,0,1254,129,1,-2.8,5.2,1.27,85,-1.14,93,0.3,233,1.93,5
2021-03-19,77,0,1467,102,0,-2.6,4.5,0.55,84,-1.98,88,1.7,96,2.73,4.9
2021-03-20,78,2,1912,28,0,-7,3.9,-0.54,62,-7.67,71,0,368,1.93,5.6
2021-03-21,79,2,1465,13,0,3,6,4.5,74,0.17,96,0,58,6.82,9.3
2021-03-22,80,2,1398,113,1,2.2,8,4.73,69,-0.59,79,0,316,4.34,5.8
2021-03-23,81,2,1248,136,3,1.6,8.3,4.55,79,1.1,76,0,69,2.67,4.3
2021-03-24,82,57,1524,162,1,1.4,15.2,8.24,65,1.4,52,0,523,2.31,4.9
2021-03-25,83,35,1317,143,1,1.3,13.3,8.95,69,3.41,96,0,283,1.44,3.9
2021-03-26,84,101,1481,142,2,6.7,15.3,10.5,66,3.82,83,0.3,385,2.33,4.8
2021-03-27,85,0,957,29,0,2,9.9,6.15,70,0.91,66,3,375,4.87,9.3
2021-03-28,86,11,1584,12,0,2.4,11.8,7.85,60,0.51,90,0,101,3.99,5.7
2021-03-29,87,124,1442,147,3,10.2,20.1,14.52,42,1.48,91,0,444,4.03,8.5
2021-03-30,88,421,1792,153,4,7.7,21.3,15.3,37,0.01,15,0,731,2.85,5.6
2021-03-31,89,471,1913,143,1,4.1,23.3,14.18,47,1.85,22,0,733,1.62,2.6
2021-04-01,90,212,1583,131,3,6,18,11.21,63,4.21,72,0,300,3.71,7.9
2021-04-02,91,57,1676,7,0,3.4,8.4,5.14,76,1.19,89,0,197,4.68,8.2
2021-04-03,92,65,1589,27,0,3,10.1,5.88,64,-1.06,76,0,449,4.82,7
2021-04-04,93,13,1611,5,0,-1.1,8.4,3.98,67,-1.66,44,0,473,3.08,6.4
2021-04-05,94,0,774,14,0,-1.5,8,2.57,73,-1.86,80,5,114,5.55,8.4
2021-04-06,95,0,1017,131,1,-1,5,1.13,69,-4.08,66,1.9,368,5.33,7.4
2021-04-07,96,0,1186,154,2,-0.3,5.7,1.99,70,-2.95,66,0.8,473,5.56,7.8
2021-04-08,97,0,1331,137,2,1.2,5.1,2.86,64,-3.3,91,0,138,4.85,7.3
2021-04-09,98,15,1790,146,1,-0.7,12.1,6.49,56,-1.91,92,0,257,2.9,5.2
2021-04-10,99,0,1198,31,0,4.1,7.7,5.73,85,3.28,98,7,0,1.89,3.8
2021-04-11,100,31,1348,4,1,1.8,14.6,8.1,83,5.3,97,6.1,180,4.26,7.5
2021-04-12,101,0,1146,188,1,0.8,7.8,3.42,74,-1.01,75,2.5,339,3.98,6.3
2021-04-13,102,1,1179,196,2,0.5,7.2,3.35,71,-1.52,45,0,420,3.86,6.9
2021-04-14,103,0,1212,219,1,1,5.9,2.76,77,-0.89,56,0,308,3.01,3.9
2021-04-15,104,3,1289,200,2,-2.3,6.3,3.15,72,-1.73,93,0,124,2.23,3.8
2021-04-16,105,28,1485,192,1,1.6,9.9,5.45,60,-2.1,98,0,413,3.41,5
2021-04-17,106,15,1327,27,0,2.8,9,6.06,66,0.04,98,0,15,2.52,4.9
2021-04-18,107,51,1454,9,0,5.7,9.2,7.85,84,5.36,98,3.3,27,1.52,3.1
2021-04-19,108,15,1204,205,1,5.6,11.6,8.42,84,5.7,90,0,101,1.55,3.1
2021-04-20,109,169,1398,216,1,3.7,16.2,10.4,71,4.71,18,0,776,2.2,4.1
2021-04-21,110,145,1328,254,1,1.4,15.6,8.99,61,1.16,34,0,615,3.43,7.2
2021-04-22,111,7,1240,279,1,2.8,9.6,5.84,57,-2.06,72,0,299,5.88,7.8
2021-04-23,112,53,1391,181,2,3,11.6,6.75,62,-0.26,41,0,567,4.72,6.9
2021-04-24,113,89,1535,27,1,-0.7,10.2,5.5,68,-0.34,76,0,341,2.47,4.5
2021-04-25,114,107,2109,9,2,0.3,9.2,4.65,62,-2.35,40,0,472,3.25,5.5
2021-04-26,115,45,1219,168,0,-1.5,10.2,4.83,49,-5.64,24,0,693,1.97,4.1
2021-04-27,116,48,1423,193,2,-1.1,11.6,5.67,47,-5.48,31,0,844,3.03,6.3
2021-04-28,117,318,1508,214,2,1.1,18.1,10.22,45,-1.93,35,0,749,2.52,4.6
2021-04-29,118,1,1147,240,1,7.6,14.9,10.89,70,5.25,84,3.6,309,2.98,6
2021-04-30,119,11,1264,167,1,6.2,8.8,7.34,78,3.83,95,0.5,0,2.48,6.2
2021-05-01,120,139,1753,8,0,3,11.8,8.39,78,4.71,96,0.3,109,1.21,3.6
2021-05-02,121,23,1595,13,3,5.3,9.9,7.84,69,2.45,96,0,190,4.42,7.5
2021-05-03,122,23,1181,153,2,2.9,12.6,7.79,58,-0.5,83,0,580,3.48,7.5
2021-05-04,123,7,989,192,0,7.6,13.3,10.19,54,1.31,79,0.4,334,5.4,9.3
2021-05-05,124,2,1012,190,1,5.6,10.1,7.63,62,0.82,43,1.5,586,7.28,9.5
2021-05-06,125,12,1104,152,0,3.9,10.4,6.96,63,0.31,71,1.2,279,4.06,8.3
2021-05-07,126,6,1157,124,1,2.1,9.6,6.09,71,0.93,81,6.1,212,3.79,7.2
2021-05-08,127,242,1483,28,0,0,15.2,9.51,55,0.07,62,0,477,2.52,5.2
2021-05-09,128,1485,2532,6,2,10.1,26.8,19.32,44,6.42,71,0,800,4.15,6.9
2021-05-10,129,308,1496,213,1,14.2,27.3,20.57,50,9.16,93,0.2,455,3.1,6.3
2021-05-11,130,10,1293,193,3,12.4,15.1,14,84,11.35,100,1.1,16,2.83,4.1
2021-05-12,131,22,1270,185,1,10.6,13.2,12.25,88,10.38,96,5.8,0,3.27,5.6
2021-05-13,132,268,1747,29,1,9.3,15.4,11.87,78,7.84,100,0.9,94,2.42,5.1
2021-05-14,133,187,1656,112,1,8.6,14.8,11.76,81,8.44,90,0.4,214,1.88,4.7
2021-05-15,134,177,1819,27,1,6.3,16.5,11.47,74,6.64,83,8.7,394,2.5,5.2
2021-05-16,135,135,1837,16,0,8.3,16.1,12,69,6.22,80,1.7,486,3.15,5.5
2021-05-17,136,28,1158,174,0,8.1,16.2,12.14,67,6.02,82,0,480,2.47,5.4
2021-05-18,137,17,1293,209,1,8.4,13.5,10.7,79,7.12,95,7.1,142,2.41,5.1
2021-05-19,138,64,1332,151,3,7.1,14.9,11.06,73,6.08,86,2.7,383,2.72,5.4
2021-05-20,139,200,1512,203,0,6.8,16.9,11.87,66,5.09,78,0,438,2.8,5.1
2021-05-21,140,259,1737,156,0,10.3,18.9,14.43,52,4.24,60,0,547,4.19,7.6
2021-05-22,141,121,1533,19,1,7.9,13,11.13,71,5.92,85,3,391,4.22,7
2021-05-23,142,141,2304,8,1,9.3,14.8,11.25,67,5.15,91,0.5,258,3.44,5.5
2021-05-24,143,1374,4250,20,7,7.2,21.1,14.55,54,4.45,52,0,683,3.56,5.3
2021-05-25,144,27,1255,165,2,9.2,13.2,11,68,5.23,84,1.1,366,3.97,6
2021-05-26,145,42,1281,172,0,8.7,14.7,10.97,66,4.83,93,0.5,324,3.78,7.5
2021-05-27,146,11,1328,151,0,8.4,13.4,10.8,74,6.28,92,0.9,162,4.1,6.6
2021-05-28,147,172,1723,113,0,8.7,16.3,12.03,72,6.84,76,4,522,3.89,5.7
2021-05-29,148,521,1924,26,1,6.6,12.2,9.77,82,6.79,74,0,232,2.6,4.3
2021-05-30,149,1411,2963,15,2,5.2,18.8,12.7,71,6.82,45,0,648,1.76,3.3
2021-05-31,150,436,1613,146,0,5.5,19.4,13.57,57,3.83,17,0,943,1.72,2.8
2021-06-01,151,393,1743,143,1,5.3,22.5,15.7,59,7.02,64,0,832,1.77,3.3
2021-06-02,152,376,1719,144,0,12.8,24.8,18.52,57,9.22,80,0.7,694,3,6
2021-06-03,153,597,2020,143,0,14,27.5,20.81,55,10.69,99,0,500,2.35,4.9
2021-06-04,154,528,1892,97,1,16.4,25.6,21.27,64,14,94,0,442,1.95,4.8
2021-06-05,155,384,1776,33,4,15.2,23.1,18.71,84,15.94,95,30.8,126,1.53,6.5
2021-06-06,156,183,1687,6,0,15.8,17.8,16.64,93,15.42,98,7.8,0,2.96,4.3
2021-06-07,157,163,1424,140,0,14.2,18.6,15.9,87,13.62,98,0,1,2.22,3.5
2021-06-08,158,222,1474,142,3,12.1,21.9,17.48,80,13.83,73,0,390,1.55,3.3
2021-06-09,159,152,1518,138,6,13.6,23.6,19.03,71,13.28,67,0.1,600,2.2,5.2
2021-06-10,160,379,1724,150,6,12.8,24.1,19.58,70,13.45,56,0,801,1.98,4.9
2021-06-11,161,635,1917,124,0,11.1,25.7,19.77,65,12.36,49,0,741,2.25,4.7
2021-06-12,162,549,1943,26,0,14.9,20.7,18.31,69,12.32,95,0.2,188,3.85,7.5
2021-06-13,163,1192,2743,11,1,10.8,18.9,14.48,63,7.22,52,0,743,4.35,5.9
2021-06-14,164,409,1678,124,1,9.1,25.7,18.88,58,9.59,21,0,932,1.94,3.3
2021-06-15,165,360,1675,169,6,13,22.3,17.88,72,12.5,95,0,570,2.25,4.6
2021-06-16,166,417,1837,170,2,11.7,27.1,20.37,65,13.1,80,0,650,2.53,5.3
2021-06-17,167,359,1771,166,5,17.2,31.7,25.87,52,13.85,8,0,929,2.52,4.2
2021-06-18,168,493,1965,145,0,17,32.6,26.68,49,14.24,15,0,911,2.07,3.9
2021-06-19,169,834,2090,33,4,21.5,30.3,26.87,53,16.18,62,0,623,2.19,3.4
2021-06-20,170,720,2086,10,0,20.3,27.5,24.23,59,15.37,78,0,443,2.36,4.5
2021-06-21,171,162,1576,138,7,15.6,25.3,20.99,73,15.56,73,13.6,551,3.27,6.3
2021-06-22,172,241,1714,137,2,11.9,16.9,14.89,78,10.93,95,0.2,119,3.04,5
2021-06-23,173,234,1710,144,0,12.8,18.5,15.48,76,11.28,99,0,57,1.48,2.5
2021-06-24,174,217,1809,163,1,14.8,19.6,17.02,78,13.03,98,0,19,1.28,2.8
2021-06-25,175,305,1927,126,0,14.7,19.6,16.67,81,13.24,94,0.6,123,1.4,2.4
2021-06-26,176,1127,2424,23,4,10.1,23.9,18.19,58,8.79,64,0,819,1.57,2.5
2021-06-27,177,1324,2752,13,7,10.9,26.1,19.95,59,10.69,55,0,789,1.98,3.5
2021-06-28,178,319,2716,234,2,18.2,27.5,23.12,56,13.72,97,0.1,251,2.22,3.9
2021-06-29,179,104,2432,260,5,17.4,22.9,20.07,78,15.89,96,4.2,135,1.22,2.9
2021-06-30,180,124,2474,274,0,15.2,19.1,17.25,84,14.5,98,18.3,2,1.82,3.3
2021-07-01,181,62,2309,274,2,13.2,16.4,15.06,84,12.36,99,3.8,0,2.83,4.5
2021-07-02,182,285,2688,220,1,13.6,17.1,15.75,82,12.64,93,0,33,2.73,4.8
2021-07-03,183,1051,2739,24,1,11,23.5,17.9,69,11.64,41,0,676,1.72,2.8
2021-07-04,184,567,2452,13,2,13.3,24.3,18.81,71,13.04,77,6.3,422,1.85,3.1
2021-07-05,185,75,1724,122,1,13.9,21.9,17.9,78,13.74,92,2,244,1.52,4
2021-07-06,186,122,1974,134,1,16.7,24.7,19.95,74,14.94,83,4.4,337,2.88,5.4
2021-07-07,187,334,2333,181,0,15.5,24,19.7,64,12.28,84,0,262,2.23,4
2021-07-08,188,158,2002,177,2,13.7,23,18.94,75,14.31,89,0,54,1.71,3.7
2021-07-09,189,96,1891,106,1,14.3,17.5,15.6,91,14.18,93,22.3,0,2.68,5.1
2021-07-10,190,652,2493,26,4,13.2,22,17.61,77,13.29,85,0.2,291,1.47,2.8
2021-07-11,191,290,2230,13,1,12.9,24.2,19.24,75,14.41,79,0,232,2.02,3.9
2021-07-12,192,308,1749,114,0,15.2,25.4,20.89,72,15.25,66,0,660,1.82,3.4
2021-07-13,193,196,1524,118,2,15.5,26.7,21.89,67,14.99,81,0,438,1.81,2.9
2021-07-14,194,38,1185,100,1,16.3,21.6,19.38,82,16.14,77,8.9,247,2.4,5.5
2021-07-15,195,218,1471,109,0,12.2,24.3,19.28,70,13.36,52,0,553,1.82,2.9
2021-07-16,196,179,1503,85,2,16.8,22.3,19.24,83,16.31,85,0,315,3.55,5.5
2021-07-17,197,569,1910,21,3,16.4,26,20.73,71,14.82,62,0,583,4.58,5.9
2021-07-18,198,808,2171,14,5,15.2,24.8,19.9,70,13.95,33,0,644,3.7,4.9
2021-07-19,199,214,1389,109,0,14.5,20,16.78,67,10.4,95,0,181,3.38,4.6
2021-07-20,200,238,1671,135,4,13.8,19.3,15.95,68,10,95,0,140,2.53,4.1
2021-07-21,201,291,1839,101,0,15.5,20.1,17.7,70,11.96,99,0,6,1.75,3.6
2021-07-22,202,313,1990,114,2,15.9,21.8,18.74,68,12.65,95,0,31,1.2,2.8
2021-07-23,203,633,2677,108,0,12.3,22.9,17.73,71,11.86,35,0,710,1.46,2.9
2021-07-24,204,852,2684,27,3,11.9,28.8,20.88,61,12.29,42,0,564,2.22,4.3
2021-07-25,205,610,2793,15,3,17.7,26.1,22.47,63,14.78,80,0,495,1.85,3.7
2021-07-26,206,257,2218,132,1,15.9,27.3,22.28,63,14.2,86,0,535,2,4
2021-07-27,207,312,2752,135,0,17.1,26.2,21.65,59,12.99,69,0,602,2.43,4.3
2021-07-28,208,232,2377,109,2,17,23.8,19.85,65,12.85,80,0.6,586,3,6.3
2021-07-29,209,343,2665,115,1,15.8,21.2,18.76,57,9.66,62,0,480,4.19,7.4
2021-07-30,210,640,2744,95,9,14.4,25.7,20.23,52,9.96,78,0,749,3.28,5.6
2021-07-31,211,680,2685,18,2,14.8,21.1,18.78,56,9.85,59,0,375,3.75,6.3
2021-08-01,212,494,2983,15,8,13.2,21.7,17.05,69,11.08,81,0.2,173,2.4,4.8
2021-08-02,213,272,2478,145,0,13.2,20.8,16.62,66,9.88,81,0.4,487,2.78,5.5
2021-08-03,214,258,2629,147,1,11.4,19.8,16.16,69,10.32,93,0,121,1.46,2.8
2021-08-04,215,259,2639,128,0,13,20,16.92,72,11.63,85,0.1,247,1.35,2.9
2021-08-05,216,230,2537,131,5,14,19.8,16.82,79,12.99,97,1.1,116,1.56,3.3
2021-08-06,217,314,2495,105,3,11.6,23.5,17.31,77,12.95,66,1.5,350,2.16,5.3
2021-08-07,218,687,2879,27,1,14.5,22.3,18.39,70,12.71,72,0.6,436,2.6,5
2021-08-08,219,458,2939,15,2,15.4,21.6,17.7,62,10.28,83,0.7,239,3.87,5
2021-08-09,220,204,2410,139,3,13.9,22.3,17.52,64,10.4,86,0,309,3.01,5
2021-08-10,221,214,2399,163,4,13.4,22.6,17.09,71,11.51,71,4.7,374,2.6,5.3
2021-08-11,222,601,3246,165,2,9.9,23,17.1,69,10.71,30,0,361,1.76,3.4
2021-08-12,223,745,3193,188,1,13.5,27.1,20.75,59,11.66,66,0,644,2.43,3.9
2021-08-13,224,762,3002,142,4,15.1,29.5,22.73,60,13.86,85,0,480,2.52,5.1
2021-08-14,225,1421,3461,26,2,11.9,27.5,20.52,55,10.54,59,0,688,2.37,4.7
2021-08-15,226,1232,3458,17,5,12.4,25.9,20.1,59,11.18,82,0,587,2.17,3.5
2021-08-16,227,158,1963,147,0,12.5,20.9,17.5,66,10.81,66,3.4,331,4.47,7.7
2021-08-17,228,184,2082,158,4,12.1,17.3,14.48,65,7.82,93,0,149,6.08,7.7
2021-08-18,229,182,2449,131,4,12.7,19,15.83,69,9.98,84,0.2,58,3.83,5.7
2021-08-19,230,217,2471,153,1,15.9,19.5,17.57,70,11.91,93,0.1,17,3.64,5.5
2021-08-20,231,454,2769,162,1,15.2,21.6,17.83,65,11.06,89,0,213,2.93,4.4
2021-08-21,232,1272,3603,26,1,13.5,23.9,18.4,69,12.32,62,0,285,1.22,2.1
2021-08-22,233,160,2191,7,1,13.7,19.9,16.55,84,13.88,96,18.8,24,1.35,3.4
2021-08-23,234,165,1907,131,1,12.8,20.6,16.09,78,11.85,81,1.4,186,3.04,4.5
2021-08-24,235,501,2908,188,2,8.8,19.2,14.07,71,8.22,68,0,353,1.83,3.9
2021-08-25,236,509,2941,166,2,6.5,21.3,14.58,69,8.32,80,0,367,2.9,6.4
2021-08-26,237,169,2156,111,1,12.4,17.4,14.47,78,10.62,91,11.5,290,4.46,6.7
2021-08-27,238,135,2029,132,1,11.5,14.8,12.6,88,10.62,96,11.3,46,4.07,6.2
2021-08-28,239,469,2351,23,0,11.7,17.6,14.09,83,11.03,91,4.6,241,2.95,4.6
2021-08-29,240,91,1832,11,0,13.1,15.7,14.22,94,13.28,96,24.4,0,2.85,5
2021-08-30,241,39,1518,121,2,13.8,15.6,14.45,93,13.36,95,34.7,0,3.71,5.6
2021-08-31,242,222,2005,163,3,12.7,19.8,15.5,77,11.3,89,0,429,3.31,5.4
2021-09-01,243,374,2195,234,1,12.4,20.1,15.5,80,11.86,64,0,439,3.25,4.9
2021-09-02,244,567,2343,187,1,10,19.7,15.91,79,12.26,76,0,159,1.44,2.3
2021-09-03,245,875,2563,135,1,9.4,22.6,16.09,77,11.5,0,0,757,1.94,4.5
2021-09-04,246,1357,2867,28,2,10.5,18,13.35,84,10.44,70,0.2,296,1.39,2.3
2021-09-05,247,1367,3454,13,3,7.2,20.1,14.18,76,9.54,19,0,740,1.55,3
2021-09-06,248,400,2072,170,0,7,22.7,15.31,74,10.39,41,0,606,1.45,3.6
2021-09-07,249,521,2316,146,0,12.7,22.3,16.92,67,10.31,82,0,595,1.27,2.1
2021-09-08,250,663,2704,169,4,12.4,24.4,17.86,68,11.51,8,0,697,2.5,4.5
2021-09-09,251,680,2649,136,2,10.5,27.4,20.25,63,12.25,1,0,727,2.3,4.2
2021-09-10,252,387,2229,111,1,17,25.5,21.04,73,15.8,86,0.2,236,1.55,3.7
2021-09-11,253,604,2492,34,1,15,23.2,19.32,74,14.48,83,0.2,273,2.11,4.6
2021-09-12,254,420,2545,16,0,13.5,21.1,17.23,77,12.97,95,1.2,194,1.94,4.1
2021-09-13,255,281,1957,171,0,10.9,19.3,14.97,77,10.69,93,0,369,1.6,3.7
2021-09-14,256,637,2463,157,3,11.2,23.6,17.05,75,12.31,47,0,577,2.35,5
2021-09-15,257,98,2041,171,0,15.9,23.4,19.1,81,15.58,99,4.6,25,1.55,4
2021-09-16,258,169,2115,151,0,13.7,17.4,16.04,76,11.61,92,1,143,3.29,5.6
2021-09-17,259,328,2324,159,6,13.6,17.5,15,75,10.5,88,0.1,99,3.62,5.6
2021-09-18,260,630,2732,51,1,11.1,16.3,13.34,83,10.5,96,0.6,24,2.53,4.3
2021-09-19,261,365,2977,11,1,10.5,13,11.8,78,7.98,99,0,0,1.8,3.4
2021-09-20,262,129,1997,113,0,9.8,13.4,11.15,75,6.66,99,0,13,1.02,2
2021-09-21,263,156,2247,150,4,9.3,14.9,12.22,70,6.56,95,0,160,2.6,4.8
2021-09-22,264,279,2281,162,1,9.5,18.1,14.08,75,9.61,61,0.2,466,3.69,6.7
2021-09-23,265,252,2090,153,1,7.9,20.8,14.72,67,8.09,68,0.1,516,4,8.9
2021-09-24,266,246,2244,127,0,12.5,18.2,15.38,71,10.22,90,0.7,53,4.3,5.7
2021-09-25,267,614,2728,28,1,14.8,19.7,17.42,73,12.61,77,0,0,2,5
2021-09-26,268,1252,3297,15,2,13.3,25.3,18.86,72,13.36,56,0.4,425,1.89,2.8
2021-09-27,269,122,1661,139,1,15.7,21.9,18.51,78,14.3,92,5.3,273,1.75,5.3
2021-09-28,270,107,1983,155,0,10.3,17.1,14.21,74,9.32,92,3.1,408,2.42,7.7
2021-09-29,271,69,1749,150,2,9.4,17.9,12.58,73,7.75,74,1.2,208,3.33,7
2021-09-30,272,154,1875,196,4,9.5,15,11.37,63,4.45,54,0,533,4.39,6.4
2021-10-01,273,287,2298,163,2,9.2,18,13.72,55,4.58,91,0,487,3.05,5.9
2021-10-02,274,372,2463,23,1,11.2,19,15,65,8.41,92,0,362,2.36,5.2
2021-10-03,275,320,2625,30,3,17.2,22.5,19.33,55,10.05,100,0,270,4.62,7.5
2021-10-04,276,41,1874,130,2,12.1,17.5,13.8,68,8,98,0,26,2.37,3.7
2021-10-05,277,10,1848,196,2,10,13.9,11.7,84,8.97,93,10,86,2.17,7.7
2021-10-06,278,46,2074,195,0,10.1,14.9,12.1,70,6.71,63,0.4,219,2.96,5.6
2021-10-07,279,127,2377,214,1,3.5,16.1,10.38,78,6.42,20,0,540,1.42,3.4
2021-10-08,280,199,2584,144,1,4.2,14.4,9.2,86,6.9,43,0,181,1.37,3
2021-10-09,281,575,3385,35,2,3.2,12.5,7.17,78,3.28,2,0,610,2.15,5
2021-10-10,282,330,3732,25,10,-1.7,14.7,6.41,71,0.95,28,0,590,1.64,3.7
2021-10-11,283,27,1968,139,0,2.1,13.8,9.2,78,5.57,78,0.9,190,3.07,6.7
2021-10-12,284,18,1937,187,1,6.5,10.4,8.9,78,5.27,77,10.9,181,3.2,5.3
2021-10-13,285,15,2350,177,0,2.3,12.1,8.23,78,4.39,73,0,441,2.73,5
2021-10-14,286,4,2220,176,0,8.4,13.3,11.25,79,7.66,97,1.6,5,3.61,6
2021-10-15,287,33,2268,149,0,6.7,13,10.82,72,6.05,77,1.1,97,3.47,7.5
2021-10-16,288,101,2653,25,4,2.2,11.6,7.21,75,2.64,74,0,176,1.89,3.5
2021-10-17,289,122,2632,14,0,2.6,12.5,8.34,70,2.97,98,0,6,1.71,4.7
2021-10-18,290,111,2605,206,0,3.4,14.5,9.48,71,4.31,79,0,442,1.3,2.8
2021-10-19,291,22,2347,199,2,8.4,16,12.62,78,8.86,98,0,74,2.08,5.1
2021-10-20,292,59,2487,163,1,14.7,18.6,16.47,67,10.23,94,0.6,198,5.83,8.8
2021-10-21,293,3,1508,164,0,6.4,16.5,11.66,71,6.51,74,8.8,244,8.11,11.7
2021-10-22,294,1,2158,150,2,5.2,10.2,7.37,70,2.16,53,3.9,442,6.94,11.3
2021-10-23,295,71,2314,28,3,5.7,9.8,7.5,70,2.35,61,0,92,3.64,5.5
2021-10-24,296,208,3310,16,1,2,13.7,7.28,66,0.75,22,0,552,2.66,5.6
2021-10-25,297,96,1972,150,0,-0.7,12.5,6.35,74,1.81,55,0,426,1.11,2.2
2021-10-26,298,7,1883,164,1,8.6,13.8,11.17,73,6.44,88,0,182,2.25,5.1
2021-10-27,299,23,2059,150,1,6.3,15.8,12.11,74,7.55,79,0,414,1.89,4.8
2021-10-28,300,150,2613,140,2,3.6,18.1,10,76,5.48,15,0,534,1.85,6
2021-10-29,301,214,2558,112,0,2.1,18.8,11.02,64,3.68,42,0,490,2.52,6.1
2021-10-30,302,278,2373,32,4,10.9,17.6,13.6,52,3.58,82,0,221,3.6,7.9
2021-10-31,303,286,2468,13,1,12.2,17.5,14.6,69,8.87,98,0,255,3.63,7.1
2021-11-01,304,8,1403,129,5,8.9,15.3,11.74,69,6.19,100,1.1,8,2.99,5.4
2021-11-02,305,9,1535,144,0,4.7,12.3,7.87,75,3.67,90,0,248,1.9,4.5
2021-11-03,306,2,1414,180,2,4.5,9.7,7.15,85,4.71,98,2.5,58,1.31,3.8
2021-11-04,307,0,1353,189,0,6,6.9,6.33,91,4.94,96,32.5,0,3.84,7
2021-11-05,308,4,1515,144,1,6.4,9.1,7.7,80,4.4,93,4.7,4,3.63,6.1
2021-11-06,309,9,1680,25,1,7.3,11.1,8.65,69,3.22,91,0,209,3.75,5.9
2021-11-07,310,1,1325,9,1,7.4,10.2,8.6,73,3.99,82,0.4,78,5.19,6.9
2021-11-08,311,2,1120,182,0,7.1,9.9,8.25,72,3.4,76,0,324,3.8,5.7
2021-11-09,312,10,1308,212,2,3.4,11.3,7.74,77,3.73,69,0.3,412,1.81,3.8
2021-11-10,313,8,1427,214,0,-0.8,10,4.29,79,0.73,71,0,404,1.39,4.5
2021-11-11,314,5,1345,189,0,-1.7,8.7,3.6,86,1.35,62,0.2,464,1.56,3.4
2021-11-12,315,5,1587,98,2,1.7,10.1,6.08,87,4.05,74,0,325,1.93,5.6
2021-11-13,316,3,1374,19,0,3.2,10.2,6.73,78,3.17,96,0,87,1.92,7
2021-11-14,317,12,1609,7,1,5.2,7.2,6.31,91,5,99,0.1,0,1.31,2.6
2021-11-15,318,1,1198,128,0,3.5,4.9,4.17,89,2.55,99,0.3,0,2.58,3.7
2021-11-16,319,1,1188,215,1,3.3,4.1,3.62,90,2.14,100,0,0,1.58,2.8
2021-11-17,320,0,1242,229,0,3.5,9.1,5.89,78,2.29,80,0,95,2.98,5.9
2021-11-18,321,0,1226,220,1,7.1,10.3,8.6,72,3.74,96,0,4,5.92,8.7
2021-11-19,322,1,1563,153,0,9.6,12,10.89,75,6.68,90,0,0,5.08,7.2
2021-11-20,323,6,1442,35,0,3.1,11.2,8.88,78,5.17,81,0,200,3.36,6.7
2021-11-21,324,0,1399,7,0,3,8.7,6.9,80,3.67,95,0.3,0,3.55,7
2021-11-22,325,3,1245,129,3,-1.2,5.3,2.62,87,0.58,62,1,158,2.75,4.2
2021-11-23,326,0,1149,186,2,-0.3,7.2,5.22,84,2.68,84,0.3,1,2.25,4.8
2021-11-24,327,0,1192,209,0,5,6.5,5.83,74,1.6,98,0,0,1.67,3.7
2021-11-25,328,1,1230,220,0,0.3,5.3,3.45,75,-0.68,81,0,87,2.44,4.9
2021-11-26,329,0,1294,157,1,2.1,4.4,3.16,74,-0.95,75,0,60,3.57,6.6
2021-11-27,330,3,1566,48,0,-0.7,4.5,2.71,77,-0.97,86,0.1,89,2.94,6.3
2021-11-28,331,2,2369,17,0,-1.9,4,0.93,77,-2.8,47,0.1,266,1.74,2.5
2021-11-29,332,0,1200,110,1,0.6,2.2,1.55,82,-1.12,97,0.5,0,3.37,5.1
2021-11-30,333,0,1062,122,3,1.2,6.5,4.5,73,0.17,96,2.1,0,6.97,12
2021-12-01,334,0,1081,134,1,4.9,8.1,6.59,76,2.72,83,2.3,26,6.66,11.2
2021-12-02,335,0,1192,126,1,-1.9,4.6,1.9,74,-2.38,70,0.1,56,4.16,7.9
2021-12-03,336,0,1667,106,1,-3.1,3,1.42,67,-4.08,68,0,104,5.96,8.9
2021-12-04,337,0,2251,35,1,0.8,4.4,2.66,79,-0.63,98,0.5,177,2.3,5.8
2021-12-05,338,3,3025,14,0,0.6,5.3,3.12,78,-0.4,76,0.1,289,2.12,6.2
2021-12-06,339,0,1262,114,0,-0.5,1.6,0.37,90,-1.05,99,0.4,0,2.7,7.3
2021-12-07,340,0,1396,148,0,0.2,3.9,1.76,81,-1.2,95,0,76,2.34,4.1
2021-12-08,341,1,1401,147,2,0.2,4.3,2.2,80,-0.96,98,0.5,0,3.53,8.2
2021-12-09,342,0,1377,157,3,-0.6,2.2,0.56,91,-0.81,86,0,0,1.3,3
2021-12-10,343,0,1935,131,1,-4.1,3.3,0.06,84,-2.47,43,0,177,1.59,3.4
2021-12-11,344,0,3256,26,0,-7.2,3.7,-2.44,84,-4.89,34,0,312,1.21,2.3
2021-12-12,345,2,2425,14,0,-3.5,8.8,4.72,76,0.89,92,0.1,0,2.97,5.5
2021-12-13,346,0,1202,119,0,7.6,10.1,9.14,78,5.4,98,0,0,2.82,4.5
2021-12-14,347,0,1212,152,1,6.5,8.8,7.62,74,3.32,98,0,0,2.2,4.8
2021-12-15,348,0,1201,169,1,7.8,11.1,9.18,75,4.93,98,0,83,3.68,5.3
2021-12-16,349,0,1227,185,0,4.8,9,7.66,83,4.89,80,0,0,3.32,5.1
2021-12-17,350,0,1416,135,0,-0.4,7.2,5,85,2.61,71,0,75,2.73,4.5
2021-12-18,351,0,1446,22,0,4.5,8.2,6.53,85,4.28,96,0,40,3.84,6.5
2021-12-19,352,0,1460,7,0,4.1,6.9,5.77,80,2.67,83,0.1,0,6.95,9.2
2021-12-20,353,1,1382,128,0,-4.7,3.4,0.25,76,-3.63,5,0,398,2.36,5
2021-12-21,354,0,1320,128,0,-6.8,0.5,-3.85,89,-5.34,45,0,161,0.98,1.6
2021-12-22,355,0,1396,115,0,-8.4,-0.4,-5.41,83,-7.83,71,0,304,0.93,1.8
2021-12-23,356,0,1295,105,0,-6,7.7,0.33,78,-3.22,97,0.3,0,2.08,7.5
2021-12-24,357,12,865,25,1,-1.3,9.3,5.7,83,2.93,91,10.7,60,6.72,11
2021-12-25,358,0,2085,19,0,-12.7,-1.9,-6.71,79,-9.85,48,1.5,269,1.87,2.9
2021-12-26,359,0,2889,24,2,-14.7,-3.5,-9.09,81,-11.74,37,0,312,2.42,4.6
2021-12-27,360,0,2110,59,1,-3.5,5.3,1.42,85,-0.9,95,0,221,2.83,5.2
2021-12-28,361,0,2199,73,1,3.5,8.4,5.69,82,2.91,93,0.9,25,3.65,5.8
2021-12-29,362,0,2192,74,1,2.9,8.6,6.78,85,4.4,94,2.3,10,2.32,4
2021-12-30,363,0,2025,65,0,8.9,15.3,12.81,75,8.49,96,0,83,5.15,10.1
2021-12-31,364,16,1791,34,0,12.6,15,13.6,71,8.44,92,0,65,5.9,9.9
2022-01-01,0,9,2062,11,0,9.5,14.1,12.11,72,7.3,94,0,164,3.52,6.5
2022-01-02,1,2,2213,9,1,7.5,15.1,11.91,68,6.2,78,0.4,39,5.55,9.4
2022-01-03,2,1,1492,89,1,7.4,10,8.7,71,3.71,60,4.9,84,6.46,10.8
2022-01-04,3,3,1437,127,2,4.6,8.6,6.82,77,3.02,97,0.9,0,2.44,5.8
2022-01-05,4,0,1483,110,2,1.9,4.7,3.2,73,-1.18,73,1.3,221,6.32,11
2022-01-06,5,0,2452,78,1,-1.3,4,1.5,73,-2.9,32,1.5,401,3.99,7.6
2022-01-07,6,0,1823,83,1,1.1,3.9,2.08,74,-2.06,93,0.2,106,3.6,6.3
2022-01-08,7,0,3649,44,8,-0.6,3.3,1.78,73,-2.63,81,0,247,3.85,10.2
2022-01-09,8,0,3396,41,6,1.6,4.1,2.95,79,-0.34,97,2.6,0,3.82,6.8
2022-01-10,9,0,1437,100,1,3.2,4.6,3.82,85,1.56,95,1.2,4,2.23,3.7
2022-01-11,10,0,1803,93,1,-1.8,3.2,1.99,94,1.19,98,0,22,1.04,2
2022-01-12,11,0,1632,111,0,-1.1,4.8,1.89,84,-0.55,95,0,0,1.77,3.4
2022-01-13,12,0,1808,97,0,0.4,11.7,4.87,76,0.75,60,0,190,2.25,5.1
2022-01-14,13,5,1932,80,0,-1.1,6.4,2.75,86,0.66,56,0.2,128,3.69,7.8
2022-01-15,14,6,4103,25,4,-1.7,4.7,2.72,83,0.09,98,0,99,1.67,4
2022-01-16,15,0,3961,16,4,-2.4,5,1.68,84,-0.88,100,0,0,3.8,7.7
2022-01-17,16,0,1204,112,1,2.6,6.9,4.92,76,1.04,91,1,11,7.44,10.2
2022-01-18,17,1,1385,125,1,0.4,6.2,4.25,82,1.47,89,0,4,3.31,5.6
2022-01-19,18,0,1524,102,2,-2.7,4.1,1.3,81,-1.62,72,0,315,2.83,7
2022-01-20,19,0,1345,120,2,-1.5,4.6,1.08,76,-2.73,69,5.3,40,7.15,8.8
2022-01-21,20,0,2123,85,4,-1.8,4.6,1.12,76,-2.68,68,0.4,79,5.59,9.1
2022-01-22,21,2,3362,29,1,3.9,5.5,4.87,92,3.67,95,5.3,0,5.52,9.1
2022-01-23,22,0,3801,16,5,3.4,5.8,4.59,90,3.09,96,0.6,2,3.47,5.1
2022-01-24,23,2,1433,126,0,3.4,5.4,4.57,89,2.85,99,0.4,0,1.26,2.4
2022-01-25,24,0,1457,141,1,2,3.3,2.47,82,-0.27,99,0,9,2.12,3.5
2022-01-26,25,0,1411,143,1,0.9,2.8,1.5,81,-1.43,100,0,0,3.69,6.4
2022-01-27,26,0,1232,117,2,1.9,6.6,4.26,75,0.22,89,2.3,56,6.75,10.3
2022-01-28,27,0,2196,96,2,2.9,4.9,3.79,69,-1.43,92,0.1,129,6.98,10
2022-01-29,28,0,3138,28,5,4.6,9.6,7.22,73,2.69,89,2.4,273,8.23,12.7
2022-01-30,29,2,4002,24,2,3.2,5.2,4.41,62,-2.29,85,1.4,33,9.23,11.6
2022-01-31,30,0,2496,106,7,0.3,5.2,2.22,81,-0.88,96,5.6,86,3.79,5.9
2022-02-01,31,0,2551,108,6,0.7,6.7,3.48,78,-0.07,93,5.5,92,6.58,11.2
2022-02-02,32,0,1977,95,3,2.7,5.7,4.26,73,-0.24,85,2.4,80,7.37,10.1
2022-02-03,33,0,1746,123,1,3.3,8.1,6.33,77,2.58,97,0.2,0,2.93,5.3
2022-02-04,34,0,2239,90,0,2.6,7.8,6.1,73,1.7,94,1.4,14,4.2,7.8
2022-02-05,35,3,3787,41,7,3,5.9,4.18,65,-1.88,72,0,339,6.47,7.9
2022-02-06,36,0,2120,33,6,3.5,6.7,5.17,75,1.08,86,8.6,120,8.67,11.4
2022-02-07,37,1,1434,112,0,1.2,5.2,3,74,-1.15,82,4.9,92,7.28,10
2022-02-08,38,1,1478,106,1,3.4,9.9,7.44,72,2.78,88,0,275,6.65,10
2022-02-09,39,0,1639,127,0,7.9,9.2,8.58,70,3.51,98,0,0,3.64,6.6
2022-02-10,40,0,1550,117,1,2.8,8.3,6.21,76,2.25,92,0.6,111,3.3,7.9
2022-02-11,41,0,1942,89,2,0.8,4.9,2.84,76,-0.98,74,3.4,93,4.99,9.3
2022-02-12,42,5,5115,31,30,-3.6,4.2,1.11,70,-4.08,52,0,505,3.28,6.2
2022-02-13,43,4,5350,14,23,-2,8.7,4.71,57,-3.44,89,0,519,3.47,6
2022-02-14,44,2,2434,96,1,5.2,11.9,8.24,60,0.97,76,0,416,4.1,7.2
2022-02-15,45,0,2007,114,0,5.6,8.5,6.77,66,0.78,80,0,201,3.94,8.3
2022-02-16,46,0,1505,124,1,4.4,11.9,8.07,76,4.13,96,5.2,190,8.89,12.6
2022-02-17,47,0,880,79,0,5.1,13,7.9,63,1.25,72,10.4,264,10.02,17.1
2022-02-18,48,0,1446,78,1,4.9,11.8,7.04,70,1.78,79,6,3,7.36,14.4
2022-02-19,49,5,1608,36,3,2.6,6.4,5.01,55,-3.37,52,0.9,426,9.4,14.3
2022-02-20,50,1,1502,23,0,2.7,10,6.38,75,2.28,94,7.8,180,7.32,10.7
2022-02-21,51,0,1146,105,2,1.7,9.3,4.76,73,0.24,88,10.8,88,9.21,13.1
2022-02-22,52,0,1502,97,3,2.5,8.2,5.18,72,0.51,75,3.7,257,7.05,9.9
2022-02-23,53,2,2163,110,0,4.7,9.8,6.75,60,-0.49,27,0,496,5.32,9.1
2022-02-24,54,1,1814,171,1,3.2,10.1,6.86,64,0.4,88,1.3,83,4.04,8.9
2022-02-25,55,0,2005,113,1,2.1,5.2,3.38,68,-1.96,55,1.3,358,6.93,11.1
2022-02-26,56,3,3298,30,1,-0.9,6.4,3.17,74,-1.03,40,0,408,4.17,7
2022-02-27,57,21,4094,10,2,-3,6.2,1.15,77,-2.65,11,0,518,2.29,5.7
2022-02-28,58,3,2195,197,0,-3.8,4,0.49,75,-3.6,21,0,418,2.48,5
2022-03-01,59,2,1811,207,0,-5.8,7.5,1.57,56,-6.93,49,0,522,2.02,6.1
2022-03-02,60,2,1769,185,1,-3.3,6.7,1.24,63,-5.48,61,0,384,1.52,2.7
2022-03-03,61,0,1966,184,3,-5.6,6.7,0.43,71,-4.72,35,0,569,1.89,3.9
2022-03-04,62,1,1968,115,1,-2.2,1.5,-0.22,80,-3.35,98,0,0,1.73,3.4
2022-03-05,63,8,2455,30,0,-4.3,3.6,0.28,72,-4.43,59,0,210,1.62,4.5
2022-03-06,64,2,2422,14,0,-1.7,0.4,-0.86,71,-5.57,99,0,0,1.61,4.7
2022-03-07,65,0,1740,171,1,-3.7,5.9,0.68,67,-5.01,36,0,462,1.23,2.5
2022-03-08,66,6,1886,203,1,-4.9,8.4,1.82,62,-5.29,1,0,642,2.33,4.7
2022-03-09,67,6,1772,174,0,-4,11.2,4.59,52,-5.09,4,0,647,2.33,4.5
2022-03-10,68,19,1752,220,0,1.9,11.4,6.65,49,-3.76,0,0,651,3.29,5.9
2022-03-11,69,12,2043,144,2,-0.8,9.6,3.91,41,-9.12,0,0,655,3.78,6.6
2022-03-12,70,49,1999,46,0,-0.7,12.9,5.46,30,-11.55,43,0,631,3.35,6.4
2022-03-13,71,100,2362,14,0,-4.7,13.3,5.15,37,-9.59,2,0,662,2.65,6.4
2022-03-14,72,3,1303,187,3,-2.5,11.7,5.64,62,-1.37,57,2.9,65,2.25,4.4
2022-03-15,73,3,1254,228,2,1.1,10.6,6.45,78,2.74,85,0,0,1.78,3.4
2022-03-16,74,18,1531,216,0,-1,11.8,6.35,73,1.48,76,0,499,2.36,4.7
2022-03-17,75,2,1205,173,2,3,10.6,7.27,74,2.7,98,6,0,3.06,4.7
2022-03-18,76,28,2375,194,1,-1.2,10.2,4.5,75,-0.1,39,0,670,1.62,4
2022-03-19,77,37,2160,36,1,-0.7,9.3,4.61,71,-0.63,47,0,364,2.56,6.8
2022-03-20,78,121,2526,16,4,-0.4,12.4,6.03,43,-6.36,4,0,672,3.48,5.8
2022-03-21,79,35,1646,249,0,0.1,13.6,8.28,41,-4.34,32,0,640,2.79,5
2022-03-22,80,78,1592,277,4,-1.3,16.2,8,46,-4.15,1,0,696,1.95,4.1
2022-03-23,81,111,1353,226,1,-1.3,16.6,7.54,48,-4.15,0,0,696,1.48,2.5
2022-03-24,82,69,1361,228,2,-0.5,14.8,6.61,58,-1.8,0,0,681,1.45,2.5
2022-03-25,83,101,1858,165,1,-1.5,14.8,6.98,59,-1.38,0,0,676,1.54,3.6
2022-03-26,84,268,1626,35,5,0.7,16.2,9.48,68,3.3,42,0,620,3.32,6.6
2022-03-27,85,206,1766,7,1,5.9,15.1,9.71,80,6.21,64,0,397,1.64,3
2022-03-28,86,65,1334,177,2,1.1,15.1,8.34,78,4.4,5,0,623,1.93,4.4
2022-03-29,87,15,1231,183,1,2.9,10.3,6.43,74,1.85,73,0,458,3.03,5.1
2022-03-30,88,6,1202,195,1,-1.5,9.1,3.95,71,-1.19,98,0,319,1.95,3.7
2022-03-31,89,2,1166,202,0,0.4,3.8,2.08,78,-1.43,98,2,0,3.02,5.1
2022-04-01,90,0,1131,111,2,-2.5,3.6,0.64,69,-4.81,92,6.7,0,3.64,5.4
2022-04-02,91,0,1279,47,0,-1.6,2.7,0.81,65,-5.1,98,0,59,3.8,5.5
2022-04-03,92,2,1590,13,1,-6,5.4,0.68,63,-5.8,83,0,276,3.11,5.4
2022-04-04,93,0,1149,155,0,2.2,5.7,3.7,68,-1.57,85,0.9,11,6.45,10.9
2022-04-05,94,0,1180,165,0,4.8,11.3,7.82,75,3.64,98,3.1,49,5.59,10.4
2022-04-06,95,2,1318,149,2,9,11.8,9.83,67,3.82,97,1.2,102,4.38,8.3
2022-04-07,96,0,1253,154,1,6.1,12,9.39,68,3.69,77,17.5,318,7.51,10.6
2022-04-08,97,0,2530,311,4,4,8,6,63,-0.72,93,2.7,282,6.17,10.9
2022-04-09,98,7,1386,36,0,0.9,7,4.09,73,-0.41,83,6.2,339,5.36,7.8
2022-04-10,99,8,1692,14,3,2.5,7.3,4.47,66,-1.5,68,0.1,480,5.12,7.9
2022-04-11,100,45,1838,156,0,-0.9,12.2,6.66,57,-1.91,79,0,761,2.03,3.6
2022-04-12,101,170,2154,213,1,1.3,18.2,10.58,49,-0.8,92,0,648,2.89,5.8
2022-04-13,102,392,2346,186,1,4.4,20.4,13.58,56,4.28,81,0,468,1.56,3.5
2022-04-14,103,36,1898,156,0,11.2,16.9,12.53,79,8.93,92,6.7,137,1.85,4.9
2022-04-15,104,98,2480,14,3,6.1,11.6,8.51,84,5.9,93,0.2,34,4.03,6
2022-04-16,105,251,2582,34,2,1.8,10.4,5.7,68,-0.16,62,0,536,2.51,4.2
2022-04-17,106,365,2871,18,3,-0.6,13.1,6.62,54,-3.02,29,0,799,2.62,5
2022-04-18,107,507,2832,17,0,-0.3,13.9,7.88,55,-1.32,51,0,768,1.8,3.1
2022-04-19,108,96,1928,159,2,0.6,13.2,7.27,59,-1.06,56,0,680,2.1,3.9
2022-04-20,109,87,2003,160,3,0.1,12.2,6.63,68,0.84,69,0,326,1.56,3.1
2022-04-21,110,36,1873,177,0,2.7,9.5,6.75,81,3.6,97,0.2,2,1.66,3.3
2022-04-22,111,61,1790,152,0,6,11.7,8.49,87,6.45,97,0.2,16,2.04,3.6
2022-04-23,112,506,2183,28,1,4.8,15.2,10.69,60,2.64,27,0,723,3.52,5.8
2022-04-24,113,199,1701,18,0,1.8,13.4,8.68,70,3.27,46,0.3,368,1.75,4
2022-04-25,114,34,1211,176,0,4.2,10.6,7.2,85,4.77,90,3.1,172,1.61,2.9
2022-04-26,115,68,1473,178,0,1.1,14.7,8.73,71,3.25,46,0,532,1.85,4
2022-05-04,123,196,1525,181,0,4.9,16.1,10.67,75,6.08,90,9.1,63,1.77,3.5
2022-05-05,124,249,1534,219,0,5.1,17.2,11.82,67,5.13,66,0.2,708,1.97,3.8
2022-05-06,125,396,1850,164,1,4.2,18.7,12.7,61,4.7,33,0,734,1.59,3.1
2022-05-07,126,437,1716,21,3,8,19.3,14.27,68,8.19,63,3.3,308,1.91,3.7
2022-05-08,127,701,2251,12,0,7.9,16.6,12.16,68,5.82,51,0,628,2.47,3.8
2022-05-09,128,276,1477,209,0,4.2,20.6,13.47,56,4.26,0,0,864,2.83,5.3
2022-05-10,129,318,1489,222,1,16.1,24.8,20.73,44,7.86,90,0,465,4.03,5.8
2022-05-11,130,320,1549,200,0,15.2,26.4,21.36,53,10.72,83,0,461,3.96,7.5
2022-05-12,131,246,1620,217,1,12,20.5,16.27,53,6.38,80,0.1,659,4.18,6.9
2022-05-13,132,320,1848,149,3,11.1,17.2,14.48,55,5.38,69,0,416,3.82,6.7
2022-05-14,133,838,2127,30,3,10.7,19.9,15.57,56,6.68,39,0,717,3.24,6.1
2022-05-15,134,1135,2296,12,3,6.4,21.3,14.6,61,6.38,32,0,873,2.21,4.3
2022-05-16,135,141,1330,148,2,8.2,24.1,17.08,64,9.66,54,0.3,421,2.39,5.3
2022-05-17,136,205,1535,170,3,15.1,23,18.28,70,12.45,82,0,523,3.73,5.8
2022-05-18,137,357,1639,177,2,15.4,25.2,20.85,60,12.43,87,0,336,2.29,4.7
2022-05-19,138,282,1559,150,2,17.2,27.7,22.79,50,11.01,92,0.6,542,3.57,5.8
2022-05-20,139,282,1545,123,2,15.1,22.9,18.72,73,13.78,81,4.9,222,2.32,5.4
2022-05-21,140,502,1724,24,4,11.7,18.1,14.81,61,7.21,72,0,434,5.5,8.7
2022-05-22,141,738,2265,18,2,8.4,17.6,14,63,6.7,84,0,675,1.99,3.6
2022-05-23,142,194,1549,148,3,9.1,23,16.51,59,8.2,94,0,249,2.68,4.9
2022-05-24,143,144,1685,148,3,12.3,18.6,16.25,63,8.81,88,0.3,454,3.9,6.2
2022-05-25,144,408,2041,137,2,9.2,19.9,14.93,54,5.08,74,0,477,2.75,5
2022-05-26,145,1169,2756,18,2,14.2,18.8,16.4,55,7.36,95,0,259,5.19,7.4
2022-05-27,146,1300,2478,77,0,11.5,17.8,14.93,57,5.92,60,1.4,518,5.8,9
2022-05-28,147,834,2551,51,2,7.8,14.3,10.99,61,3.53,65,1.7,410,6.16,8.6
2022-05-29,148,279,2191,12,4,7.6,13.2,10.12,69,4.56,89,0.3,102,3.24,5.5
2022-05-30,149,90,1396,161,2,6.2,12.1,9.36,71,4.15,93,0.2,18,2.7,4.4
2022-05-31,150,130,1537,152,2,3.5,17.2,10.95,66,4.45,96,0,406,2.26,6.2
2022-06-01,151,169,1570,135,0,5.3,18,12.37,64,5.08,78,1.9,333,2.95,5.9
2022-06-02,152,310,1729,162,1,8,18.2,12.95,62,5.39,43,0,759,2.72,4.8
2022-06-03,153,616,1952,147,3,6.7,23.5,16.34,54,5.93,42,0,729,2.55,5.3
2022-06-04,154,1393,2627,32,4,11.3,22.8,17.63,58,8.68,79,0,759,1.69,3.3
2022-06-05,155,1119,2911,8,5,10,24.7,17.77,66,11.01,66,0.4,504,2.4,5.5
2022-06-06,156,600,2736,25,0,14.8,21.8,18.68,61,10.77,74,1.9,442,2.79,5.6
2022-06-07,157,249,1782,144,3,10.4,22.6,17.24,58,8.24,77,0.2,523,2.91,5.3
2022-06-08,158,219,1600,176,2,14.1,22.9,18.56,61,10.4,94,0,208,1.97,4.3
2022-06-09,159,209,1575,191,0,13.5,21.7,17.19,64,10,93,1.3,324,3.4,5.5
2022-06-10,160,616,1961,123,2,10.2,23.1,18.51,52,7.83,48,0,505,2.26,3.8
2022-06-11,161,811,2019,33,3,14.5,24.4,19.65,57,10.46,74,0,179,2.06,4.1
2022-06-12,162,1094,2309,15,1,13,24.8,19.37,54,8.85,81,0.1,656,2.79,6.2
2022-06-13,163,189,1471,149,0,12.6,19.5,15.35,61,7.45,79,0.4,409,3.4,6.9
2022-06-14,164,355,1761,129,1,7.5,20.2,14.58,59,6.24,82,0,750,1.98,3.8
2022-06-15,165,533,1859,130,0,9.7,26.2,18.52,52,7.32,25,0,920,2.05,3.8
2022-06-16,166,712,1968,159,1,13.4,22.8,17.62,55,7.88,68,0,635,3.36,5.7
2022-06-17,167,1043,2150,138,2,8.2,26.1,18.92,49,7.08,83,0,642,1.9,3.2
2022-06-18,168,998,2215,29,1,18.5,32.9,26.92,37,10.55,26,0,813,3.72,6.2
2022-06-19,169,786,1853,13,1,16.4,30.1,23.19,53,12.72,46,0,670,4.39,8.1
2022-06-20,170,124,1431,117,7,11.7,18.1,14.13,76,9.55,84,14,201,3.34,6.1
2022-06-21,171,253,1687,162,0,10.7,23.4,16.27,58,7.25,48,0,908,2.45,3.5
2022-06-22,172,407,1819,128,1,9.3,25.1,18.05,54,7.74,19,0,957,1.67,3
2022-06-23,173,457,1803,152,3,11.5,29.2,21.63,43,7.13,0,0,957,2.66,5.2
2022-06-24,174,507,1686,123,4,15.3,26.7,20.95,63,13.36,64,2.4,405,2.19,4.3
2022-06-25,175,872,2044,27,4,17.2,26.7,22,63,14.07,78,0,434,1.8,3.6
2022-06-26,176,690,1971,13,0,14.8,28.5,22.46,61,13.96,86,0,506,2.11,4.6
2022-06-27,177,145,1445,149,2,17.2,26.3,21.09,73,15.89,92,0,312,2.37,5.9
2022-06-28,178,322,1777,141,1,14.3,23.6,19.23,57,9.53,52,0,760,2.6,5.2
2022-06-29,179,183,1692,200,0,12.5,22.8,18.47,62,10.86,79,0,233,2.4,4.4
2022-06-30,180,353,1759,216,1,15.6,28.6,22.78,62,14.58,56,0,587,2.04,3.8
2022-07-01,181,138,1609,138,1,13.9,22.8,16.87,78,13.01,78,8,130,2.74,6.2
2022-07-02,182,946,2038,41,2,10.1,26,19.36,54,8.65,17,0,881,2.23,3.4
2022-07-03,183,981,2337,11,3,15,28,23.13,44,9.63,53,0,598,2.46,3.7
2022-07-04,184,355,1696,159,1,14.3,23.6,19.01,54,8.99,21,0,790,3.54,5.4
2022-07-05,185,347,1923,136,2,11.7,23.3,17.77,57,8.48,62,0,427,2.48,5.6
2022-07-06,186,239,2005,162,0,12.4,19.3,15.94,56,6.96,86,0,186,2.89,5.3
2022-07-07,187,65,1608,152,2,13.4,18.4,15.22,77,11.16,97,13.3,45,4.1,7.5
2022-07-08,188,280,2005,155,0,12.8,19.6,15.79,67,9.54,86,0,304,5.11,6.8
2022-07-09,189,404,1959,33,1,14.4,22.1,16.89,73,11.87,91,3.8,196,3.42,6.5
2022-07-10,190,389,2126,18,1,11.3,19.5,14.86,64,7.8,78,0.1,390,5.22,7.6
2022-07-11,191,151,1816,143,2,12.7,20.6,16.36,70,10.49,65,0,505,3.3,4.8
2022-07-12,192,347,2307,143,7,12.8,26,19.47,61,10.47,61,0,907,2.4,3.8
2022-07-13,193,298,2134,190,0,14.6,30.7,23.03,50,10.91,94,5.1,161,3.27,7
2022-07-14,194,365,2212,225,2,14.2,22.6,17.79,64,10.21,78,0,498,3.39,6.1
2022-07-15,195,288,2077,100,0,12.9,19,15.32,60,7.32,79,0,223,3.47,5.1
2022-07-16,196,526,2404,25,0,12.3,20.5,16.61,55,7.17,70,0.2,524,4.15,7.1
2022-07-17,197,1028,2820,13,4,6.9,23.7,16.18,55,5.78,61,0,792,2.06,4.4
2022-07-18,198,310,2141,120,2,10.3,30.9,22.02,42,6.95,68,0,859,1.46,2.7
2022-07-19,199,343,2157,120,0,14.4,35.1,27.24,32,7.07,24,0,884,2.03,3.9
2022-07-20,200,285,2112,126,1,18,37.6,29.95,29,8.01,26,0,886,2.68,4.6
2022-07-21,201,215,2137,163,0,19.3,27.1,23.4,56,13.6,90,1.1,285,3.52,6.6
2022-07-22,202,348,2274,99,2,16.4,21.3,18.73,74,13.92,97,0.3,193,3.02,4.7
2022-07-23,203,734,2490,35,2,15,23.9,18.89,65,11.55,51,1.4,655,2.66,5.3
2022-07-24,204,1009,2848,25,3,11.3,29.6,21.29,51,9.3,34,0,902,1.48,3
2022-07-25,205,220,2028,128,6,18.2,33.5,25.78,45,11.97,63,1.8,596,3.4,7.1
2022-07-26,206,181,2421,136,1,15,22.8,18.75,67,12.35,78,0.1,273,3.54,6.3
2022-07-27,207,398,2655,173,0,11.5,20.2,16.17,56,6.78,57,0,623,2.88,4.9
2022-07-28,208,502,2741,200,0,7.6,22.9,15.82,58,6.53,69,0,709,2.2,3.9
2022-07-29,209,435,2379,152,5,12.7,26.3,19.53,50,8.05,97,0,275,1.9,3.8
2022-07-30,210,357,2311,26,0,15.5,23.7,19.17,68,12.77,88,8,46,1.72,4.7
2022-07-31,211,880,2914,21,3,13.8,26.2,20.05,65,12.27,79,0.1,255,2.13,4.8
2022-08-01,212,116,2087,130,1,17.4,21.4,19.12,77,14.93,94,2.2,94,2.93,5.2
2022-08-02,213,452,2706,116,3,11,27.5,20.05,59,10.47,76,0,837,1.88,4.1
2022-08-03,214,390,2647,130,2,18.1,32.6,25.97,43,11.41,67,0,756,2.08,4.1
2022-08-04,215,296,2335,146,3,19.5,35.5,28.1,40,11.82,49,0,725,2.51,4.3
2022-08-05,216,237,2288,133,9,16.1,23.3,19.49,77,15.14,93,4,157,3.14,5.4
2022-08-06,217,840,2841,35,4,9.1,21,15.8,57,6.55,41,0,745,2.26,3.9
2022-08-07,218,981,3046,23,2,8.3,23.7,16.9,53,5.86,31,0,805,1.62,2.9
2022-08-08,219,294,2196,169,1,9.3,26.2,18.8,49,6.35,6,0,850,1.85,3.9
2022-08-09,220,418,2429,131,4,10.1,26,18.85,56,8.92,33,0,707,1.63,3.5
2022-08-10,221,503,2477,218,1,11.7,26.5,19.96,50,7.86,26,0,860,1.93,3.4
2022-08-11,222,434,2475,185,3,12,28.7,21.39,44,7.32,27,0,849,1.88,3.2
2022-08-12,223,540,2542,127,1,12.2,28,21.4,44,7.42,3,0,839,2.48,5.5
2022-08-13,224,953,2658,37,0,12.5,26.9,20.97,56,11.43,47,0,564,2.09,5
2022-08-14,225,919,2905,18,3,16.4,30.2,22.98,60,13.97,46,0,488,2.28,4.2
2022-08-15,226,175,1816,115,10,18.7,28.2,21.86,68,15.39,95,11.7,188,1.75,4.9
2022-08-16,227,355,2378,147,2,15.8,28.7,22.61,61,13.72,51,0,549,2.13,4.8
2022-08-17,228,349,2377,138,3,14.9,30,23.07,56,12.78,77,0,451,1.66,4
2022-08-18,229,140,2036,166,0,15.1,23.5,20.02,70,14.28,88,1.1,64,2.07,4.1
2022-08-19,230,398,2196,163,2,17.1,24.2,19.98,72,14.43,98,0,149,3.04,4.5
2022-08-20,231,344,2522,38,1,14.9,22.8,18.82,76,14.47,98,0,68,1.42,3.3
2022-08-21,232,1102,3079,13,2,13,25.2,19.37,61,10.73,58,0,490,1.63,3.6
2022-08-22,233,217,1506,75,1,9.8,26.2,19.08,56,8.95,36,0,691,1.89,5.1
2022-08-23,234,270,1381,77,6,14.7,27.1,21.02,52,10.03,18,0,800,2.27,4.7
2022-08-24,235,226,1476,82,0,16.7,28.6,22.34,51,10.91,11,0,804,2.33,3.8
2022-08-25,236,226,1250,92,0,14.4,28,21.56,67,14.72,40,0,460,2.24,4.3
2022-08-26,237,145,1252,70,4,18.4,28.7,22.24,74,16.85,85,1.7,293,1.87,5.6
2022-08-27,238,181,1095,26,0,16.9,19.4,18.05,88,15.99,99,0.5,0,3.58,5.1
2022-08-28,239,479,1615,12,1,13,21.3,17.01,64,9.92,60,0,513,4.02,5.9
2022-08-29,240,104,1099,112,0,9.1,22,16.32,68,10.2,65,0,460,2.13,3.9
2022-08-30,241,230,1541,122,0,10.1,22,16.11,78,11.74,77,0.1,304,1.35,3
2022-08-31,242,277,1667,151,0,11.7,21.2,16.95,64,9.5,88,0,409,1.89,3.7
2022-09-01,243,379,1695,152,0,7.7,22,14.67,61,6.29,28,0,615,1.82,4.4
2022-09-02,244,466,1869,104,0,7.1,21.8,15.45,58,6.06,23,0,624,2.78,4.9
2022-09-03,245,922,2522,24,2,6.8,22.1,15.87,54,5.7,35,0,691,2.45,5.5
2022-09-04,246,1065,3134,25,3,8.7,24.6,17.59,61,9.38,57,0,461,2.1,4.5
2022-09-05,247,312,1989,382,2,13,26.3,19.7,60,11.15,87,0,333,2.87,5.4
2022-09-06,248,357,1976,490,0,14.9,26,19.6,64,12.35,82,0,422,2.84,4.5
2022-09-07,249,172,1820,467,7,15.2,25,19.41,73,14.04,90,3.8,309,1.89,4.2
2022-09-08,250,101,1671,480,2,13.8,18.5,16.18,86,13.81,82,13.8,123,1.85,5.9
2022-09-09,251,322,2099,338,4,14.4,21.9,17.35,68,11.07,76,1.1,420,2.8,5.6
2022-09-10,252,415,1900,78,2,13.6,18.7,16.3,73,11.3,87,3.2,223,2,4.3
2022-09-11,253,384,2492,21,2,11.4,19,14.59,84,11.79,64,0.1,294,2.43,4.4
2022-09-12,254,286,1906,393,2,8.3,21.3,15.65,69,9.51,78,0,535,1.47,3.6
2022-09-13,255,166,1831,472,0,16.3,23.2,19.03,66,12.29,92,0.2,67,3.13,5
2022-09-14,256,50,1858,422,1,11.8,15.7,13.88,83,10.98,98,3,0,1.04,2
2022-09-15,257,144,1843,422,1,9.3,16.6,13.22,77,8.91,95,0.9,75,2.98,5.3
2022-09-16,258,272,2094,328,0,10.8,16.6,12.68,66,6.25,74,0.3,285,4.37,7.2
2022-09-17,259,209,1906,81,2,9,14.5,11.03,73,6,85,9.4,245,6.12,8
2022-09-18,260,61,1827,31,0,5.5,12.1,9.73,73,5.12,84,3.9,139,5.37,7.2
2022-09-19,261,23,1599,330,3,8.7,15.6,10.79,80,7.38,91,9.1,224,4.34,6.2
2022-09-20,262,46,1747,329,4,6.4,13.5,10.27,81,7.01,63,5,257,2.98,4.9
2022-09-21,263,103,2031,452,4,2.6,15.8,9.24,79,5.24,6,0,640,1.63,3.3
2022-09-22,264,249,1988,420,1,3.8,15.4,9.94,74,5.06,50,0,296,1.59,2.5
2022-09-23,265,403,2349,323,1,8.5,17.7,13.38,56,4.35,92,0,560,2.47,3.9
2022-09-24,266,511,2296,100,1,8.7,16.7,12.62,75,8.02,99,0.3,137,1.44,3.5
2022-09-25,267,169,2309,34,1,7.6,14.4,11.37,82,8.4,95,0,47,2.26,5.1
2022-09-26,268,49,1633,302,2,5.3,15.2,10.93,70,5.4,84,0,284,3.47,6.1
2022-09-27,269,34,1627,381,2,8.7,12.9,10.16,78,6.39,95,2.1,244,3.13,6.5
2022-09-28,270,40,1718,379,0,5,10.1,8.25,80,4.89,89,1.2,31,1.87,4.1
2022-09-29,271,56,2101,377,0,3.2,12.5,7.92,77,3.96,58,0,319,1.54,2.6
2022-09-30,272,234,2646,314,1,2.4,15.8,8.68,73,3.46,27,0,501,1.68,2.6
2022-10-01,273,55,2021,66,0,5.9,15.6,10.94,76,6.76,78,3.4,189,4.56,8.9
2022-10-02,274,94,2695,30,1,10.8,15.6,13.03,73,8.2,46,4,323,4.97,6.5
2022-10-03,275,135,2979,26,0,10.8,15.1,12.67,76,8.45,86,0.3,222,4.48,5.7
2022-10-04,276,119,1926,350,0,9.5,18.4,13.72,68,7.5,82,0,473,1.99,4.1
2022-10-05,277,215,2091,458,0,7.8,18.3,14.56,66,8.16,54,0,594,3.47,6.7
2022-10-06,278,142,2128,391,1,7.7,18.1,13.97,65,7.27,27,0.9,628,3.86,6.9
2022-10-07,279,297,2313,337,1,4,18.3,11.06,67,4.4,41,0,629,1.84,3.6
2022-10-08,280,230,2084,94,1,7,15.5,11.7,70,6.38,68,0,315,2.97,5.9
2022-10-09,281,530,2884,14,1,3.2,15.7,9.82,69,3.9,36,0,622,2.4,4
2022-10-10,282,109,1973,321,2,7.3,19.8,12.87,63,5.64,69,0,424,2.49,4.6
2022-10-11,283,51,1971,417,1,3.9,13.7,9.37,77,5.24,48,0.3,412,2.07,4
2022-10-12,284,106,2305,419,3,2.8,16.7,9.06,72,3.59,36,0,538,1.99,3.7
2022-10-13,285,43,1885,431,1,5.9,17,11.6,76,7.12,98,0,300,1.87,4.4
2022-10-14,286,28,1984,327,2,10.9,16.7,13.77,77,9.75,97,0.1,137,2.03,4.7
2022-10-15,287,81,2180,72,0,12.8,18.2,15.15,81,11.74,92,0,177,2.11,5.1
2022-10-16,288,322,2728,27,2,12.6,19.8,15.88,70,10.08,89,0,276,2.26,4.6
2022-10-17,289,304,2400,283,1,13.5,24,19.6,66,12.62,99,0,307,3.71,10.1
2022-10-18,290,16,1907,364,1,8,17.9,14.55,88,12.49,69,14.4,83,1.85,3.7
2022-10-19,291,51,2235,361,0,6.9,12,9.71,76,5.5,84,0,139,2.08,3.2
2022-10-20,292,41,2196,373,1,6.6,16.2,10.55,68,4.73,90,0,380,3.22,4.6
2022-10-21,293,20,2201,323,3,11.9,18.3,14.93,80,11.46,99,1.6,107,2.99,7.8
2022-10-22,294,111,2358,76,0,10.9,19.5,14.23,80,10.55,71,0,299,1.95,5.4
2022-10-23,295,288,2815,31,0,8.3,18.9,14.53,75,9.85,98,0.5,95,3.07,7
2022-10-24,296,31,1967,341,0,14.5,19.4,16.36,71,10.76,90,0.3,228,3.88,7.2
2022-10-25,297,17,1943,409,2,8.9,17,13.86,74,9.06,73,0.5,304,3.26,5.4
2022-10-26,298,57,2296,453,1,8.9,18.7,13.4,78,9.53,98,0,154,1.77,3.6
2022-10-27,299,188,2426,392,0,10,20.5,16.4,70,10.75,94,0,523,3.19,6.1
2022-10-28,300,288,2751,279,0,16.2,24.8,21.91,48,10.27,97,0,383,4.9,8.7
2022-10-29,301,434,2781,72,1,13.2,22.6,17.64,71,12.12,99,0,157,1.5,4.4
2022-10-30,302,595,2981,2,2,12.1,22.6,17.38,61,9.56,68,0,472,1.6,3.5
2022-10-31,303,542,2983,26,5,10,17.5,15.07,76,10.68,88,0,263,2.45,3.8
2022-11-01,304,35,1634,323,0,9.5,18.1,13.89,73,8.72,68,0,236,2.84,5.9
2022-11-02,305,10,1754,297,2,6.2,14.3,10.86,64,4.16,45,0,471,3.6,8.1
2022-11-03,306,10,1648,310,0,7,13.1,10.4,69,5.01,97,0,111,3.45,5.4
2022-11-04,307,3,1832,277,2,6.9,12,10,75,5.63,98,0.6,90,2.18,4.2
2022-11-05,308,11,1576,52,0,3.5,11.1,8,74,3.59,52,0,447,2.47,5.2
2022-11-06,309,40,1975,20,0,6.7,13.3,9.24,63,2.43,63,0.2,426,3.26,7.4
2022-11-07,310,4,1326,339,0,8.4,13.7,11.18,72,6.35,82,0,49,4.79,8.4
2022-11-08,311,41,1454,356,1,10.5,17.1,13.27,65,6.5,88,0,383,5.39,7.7
2022-11-09,312,7,1392,376,2,12.2,15.4,13.51,67,7.47,96,0,20,3.98,7
2022-11-10,313,15,1569,439,0,10.3,14.2,11.77,66,5.65,64,0,371,3.88,6.7
2022-11-11,314,38,1924,344,0,4.5,16.4,9.46,65,2.95,95,0,317,2.04,3.6
2022-11-12,315,129,2349,65,1,1.2,13.2,5.96,69,0.51,93,0,176,1.34,2.3
2022-11-13,316,115,3116,22,1,-1.9,5.4,2.73,86,0.48,61,0,336,1.8,3.9
2022-11-14,317,21,1509,337,2,1.5,12,5.35,86,2.92,42,0,302,3.1,5.9
2022-11-15,318,26,1489,412,1,8,16,11.57,72,6.66,70,0.1,305,2.83,6.9
2022-11-16,319,1,1434,483,2,4.6,8.3,6.03,92,4.86,98,3.9,0,2.73,4.4
2022-11-17,320,2,1371,390,1,3.2,4.9,4.2,95,3.42,99,7.3,0,3.17,4.1
2022-11-18,321,0,1653,267,0,-2.2,4.5,0.89,95,0.22,97,3.7,0,3.12,4.2
2022-11-19,322,0,1800,65,2,-6.6,0.2,-3.58,82,-6.28,39,0,435,1.5,3.3
2022-11-20,323,0,1999,18,0,-8.4,2.8,-3.33,82,-6.13,31,0.1,405,1.29,2.8
2022-11-21,324,0,1308,266,1,-2.2,1.8,-0.6,86,-2.67,60,0.7,313,1.72,3.4
2022-11-22,325,0,1177,272,0,-0.7,6.1,2.86,86,0.63,99,0.1,80,3.42,6.6
2022-11-23,326,2,1348,339,2,4.3,7.8,5.84,79,2.41,52,0,179,2.81,6.5
2022-11-24,327,2,1292,351,1,4.9,9.5,6.86,80,3.58,85,1.4,38,1.66,3.9
2022-11-25,328,0,1630,274,0,-0.1,9.8,6.78,80,3.46,80,0.1,25,2.48,4.6
2022-11-26,329,2,1507,85,0,2.4,9.6,6.48,79,3.06,46,0,349,2.38,4.2
2022-11-27,330,3,1711,23,0,-1,9.6,5.38,68,-0.51,83,0,234,3.02,6.8
2022-11-28,331,0,1227,308,0,3.4,8.2,5.99,66,-0.08,99,0,0,2.47,6.4
2022-11-29,332,0,1269,269,2,3.5,4.7,4.1,91,2.81,100,0.1,0,0.92,1.5
2022-11-30,333,1,1163,308,0,2.9,5.4,4,96,3.42,100,0,0,1.66,3.4
2022-12-01,334,0,1168,298,0,-0.6,1.6,0.45,96,-0.1,99,1.1,0,2.21,3.5
2022-12-02,335,0,1483,194,1,-1.5,-0.4,-0.82,94,-1.67,96,7.8,0,2.21,3.8
2022-12-03,336,0,1463,63,0,-2.7,-1.7,-2.35,93,-3.34,99,1.5,0,2.33,3.4
2022-12-04,337,2,1620,19,0,-2,-0.1,-0.83,96,-1.44,100,1.3,0,1.61,2.5
2022-12-05,338,0,1032,162,0,0,1,0.34,94,-0.46,99,6.8,0,0.54,1.4
2022-12-06,339,0,1044,222,2,0.3,2.2,1.25,90,-0.15,98,1,0,2.09,4.4
2022-12-07,340,0,1138,302,1,1.7,4.3,2.97,79,-0.41,96,0.4,73,3.61,5.7
2022-12-08,341,0,1156,241,1,0.7,3.6,2.17,83,-0.41,95,1.2,0,1.97,4.8
2022-12-09,342,0,1727,201,0,-2.7,0.6,-0.82,93,-1.87,79,0,30,1.48,2.7
2022-12-10,343,0,2067,55,1,-3,-1.2,-2.25,93,-3.26,99,0.6,0,1.55,2.2
2022-12-11,344,0,2514,27,1,-6,-2.6,-3.71,81,-6.58,92,0,0,1.15,1.9
2022-12-12,345,0,1484,172,0,-8,-1.2,-4.83,83,-7.41,78,0,221,1.45,2.8
2022-12-13,346,0,1654,199,0,-9.9,-0.8,-6.87,82,-9.51,17,0,404,1.32,2
2022-12-14,347,0,1466,212,0,-11.1,-3.3,-6.24,74,-10.28,70,0,4,1.47,2.7
2022-12-15,348,0,1579,188,0,-10.7,2.7,-5.37,81,-8.23,0,0,403,1.46,2.1
2022-12-16,349,0,1859,158,1,-10.2,-1.5,-5.38,88,-7.12,52,0,153,0.91,1.4
2022-12-17,350,0,2724,40,2,-8.5,1.5,-2.78,76,-6.53,66,0,96,0.93,1.6
2022-12-18,351,1,3312,21,1,-11.6,3.5,-3.06,61,-10.29,49,0,294,2.65,10.5
2022-12-19,352,0,676,160,1,3.4,11.3,6.72,66,0.82,98,0.7,0,6.46,10.9
2022-12-20,353,0,1183,197,2,8.4,12.3,10.41,70,5.15,99,0,86,4.82,9.9
2022-12-21,354,0,1068,227,0,8.3,11.4,9.26,79,5.78,99,0,23,3.28,6.3
2022-12-22,355,0,1182,159,0,5.8,9.7,8.13,84,5.57,95,1.3,0,2.67,6
2022-12-23,356,0,1178,98,0,6.7,10.5,8.36,89,6.56,92,4.6,2,2.52,9.1
2022-12-24,357,9,923,27,0,3.5,10.2,8.55,79,5.07,81,6.1,43,4.56,8.5
2022-12-25,358,0,1356,15,3,1.8,12,7.45,86,5.3,88,1.7,2,3.53,8.3
2022-12-26,359,0,1779,24,0,4.6,12.4,9.49,74,5.09,91,5.8,77,5.63,8.7
2022-12-27,360,1,1888,106,1,3.5,5.2,4.47,71,-0.27,64,0.3,120,5.68,9.1
2022-12-28,361,0,2164,120,1,4.1,8.4,6.5,76,2.58,96,0.6,0,5.47,9.3
2022-12-29,362,1,2119,117,2,8,11.4,9.65,72,4.76,82,3.6,50,5.59,9.4
2022-12-30,363,1,2590,105,1,6,9.6,7.41,70,2.26,71,1.2,44,5.99,11.1
2022-12-31,364,9,1606,26,0,10.5,17,14.86,70,9.31,94,0.6,3,6.7,9.6
2023-01-01,0,22,1773,15,0,10.7,15.8,13.81,60,6.1,89,0.2,48,3.81,6.7
2023-01-02,1,3,1795,110,1,8.1,14.5,11.62,69,6.06,93,1.1,43,3.4,6.8
2023-01-03,2,6,2242,184,2,5.7,9.3,7.04,71,2.13,54,0.1,377,3.26,5.4
2023-01-04,3,0,1517,208,0,5.8,11.8,8.91,75,4.8,87,2.6,19,6.99,10.1
2023-01-05,4,0,1619,231,0,6.9,10.5,8.94,79,5.53,91,5.7,51,6.1,9.8
2023-01-06,5,0,2018,128,1,7.6,11.5,9.36,75,5.18,88,0,96,3.14,6.1
2023-01-07,6,8,1857,38,1,6.1,10.2,8.82,77,5,95,0,112,3.12,6.8
2023-01-08,7,0,1323,11,1,7.2,8.9,8.35,78,4.67,97,0.9,7,3.95,8.7
2023-01-09,8,0,1235,259,0,5.8,7.7,6.61,77,2.79,74,3.6,37,3.84,6.4
2023-01-10,9,0,1162,296,0,4.6,7.2,5.67,73,1.3,77,0.4,120,4.01,7.6
2023-01-11,10,0,1188,320,0,4.6,10.2,7.73,75,3.61,87,0.7,0,6.48,11.8
2023-01-12,11,0,1143,346,1,7.3,10,8.61,76,4.61,97,3.1,134,6.12,9.9
2023-01-13,12,0,1351,212,0,6.2,10.1,7.99,70,2.79,54,1.3,229,5.69,9
2023-01-14,13,0,1358,65,2,5.2,9.6,6.73,78,3.25,87,8,0,5.46,11
2023-01-15,14,1,1467,28,3,4.6,10.3,6.1,68,0.6,59,2.5,51,6.59,9.5
2023-01-16,15,0,1178,214,0,3,5.1,4.06,73,-0.34,79,0.6,187,4.41,9.4
2023-01-17,16,0,1077,222,2,-3.3,3.4,1.33,77,-2.41,62,1.4,308,3.4,6.2
2023-01-18,17,0,1352,185,0,-5.4,1.2,-2.59,80,-5.66,99,0,144,1.42,3.3
2023-01-19,18,0,1181,179,0,-4.4,2.8,0.45,73,-3.81,46,0.3,100,4.38,9.2
2023-01-20,19,0,1805,129,0,-4.7,2.3,-1.45,77,-5.04,60,0,322,1.33,2.3
2023-01-21,20,1,2856,56,1,-4.7,0.5,-1.47,89,-3.11,93,2.7,0,3.38,6.5
2023-01-22,21,0,3356,36,3,-0.5,0,-0.22,96,-0.75,98,2.7,0,2.37,6.1
2023-01-23,22,0,1503,157,0,-0.2,0.3,0.06,97,-0.31,99,0.4,0,1.32,2.2
2023-01-24,23,3,1632,203,1,-0.4,0.2,-0.18,90,-1.57,98,0.2,0,1.84,2.8
2023-01-25,24,0,2115,189,1,-2.8,-0.3,-2.04,91,-3.34,100,0,0,1.45,2.4
2023-01-26,25,3,1550,182,0,-3.5,-0.4,-1.95,89,-3.46,99,0,0,1.99,3
2023-01-27,26,10,2428,216,2,-0.4,1.3,0.32,94,-0.45,98,7,0,2.2,3.3
2023-01-28,27,18,4679,55,4,-5,-0.2,-1.48,78,-4.85,90,0,49,1.7,2.6
2023-01-29,28,8,4957,28,1,-5.9,3.4,-0.48,80,-3.59,91,0,99,2.84,5.7
2023-01-30,29,0,2641,165,3,2.8,5.5,4.23,75,0.15,85,5.5,153,8.2,11.1
2023-01-31,30,1,2631,201,1,3.1,6.2,4.65,73,0.15,78,0.3,113,7.62,10.9
2023-02-01,31,0,1605,185,4,0.6,5.9,4.32,72,-0.26,81,9.7,51,8.22,10.7
2023-02-02,32,0,1900,223,1,2.8,5.9,4.55,72,-0.05,95,1.7,181,6.01,9.1
2023-02-03,33,0,1940,123,0,4.2,8.2,6.96,75,2.74,96,3.6,0,8.88,11.7
2023-02-04,34,6,3342,52,2,-2.6,5.1,1.28,83,-1.4,80,0.8,199,2.51,10
2023-02-05,35,0,3342,19,0,-3.3,2.2,0.08,83,-2.6,89,0,7,1.66,6
2023-02-06,36,0,1728,208,2,-1,1,0.41,86,-1.71,96,0,0,3.02,5.3
2023-02-07,37,1,2457,196,0,-6.5,1.6,-2.63,78,-6.02,9,0,504,1.36,2.8
2023-02-08,38,0,2922,187,4,-7.6,4.2,-2.25,73,-6.8,5,0,511,2.11,6.9
2023-02-09,39,0,2625,240,1,-7.8,4,-1.44,63,-8.05,58,0,420,1.57,5
2023-02-10,40,1,2457,171,0,-2.2,6.7,3.21,71,-1.69,82,0,296,3.34,6.5
2023-02-11,41,1,2927,48,0,5,8.3,6.82,77,3.16,95,0,170,6.45,8.7
2023-02-12,42,2,2791,12,1,6.3,8.8,7.25,87,5.24,96,0,86,2.89,4.3
2023-02-13,43,0,1805,213,1,-1,7.3,5.16,83,2.4,83,0,21,1.44,2.9
2023-02-14,44,3,2233,224,0,-2.7,9.3,2.75,88,0.82,6,0,538,1.26,2
2023-02-15,45,1,2301,230,1,-2.2,12,3.61,78,-0.36,37,0,525,1.37,2.2
2023-02-16,46,2,1925,235,1,0,14.1,6.96,62,-0.45,90,0,293,2.23,3.8
2023-02-17,47,1,1908,174,3,8.4,15,10.78,71,5.71,95,0.6,89,7.21,12
2023-02-18,48,0,1687,39,0,6.8,11.9,9.13,74,4.73,89,1.1,89,6.44,11.2
2023-02-19,49,2,1833,13,1,0,9.3,5.23,82,2.25,92,9.6,267,3.32,7.8
2023-02-20,50,0,1488,177,0,5.4,11.5,8.57,67,2.67,88,0,111,7.97,13.2
2023-02-21,51,3,1393,218,3,8.7,12.2,9.77,74,5.29,91,0,154,5.17,10.3
2023-02-22,52,24,1641,212,1,2.1,14.2,9.11,77,5.05,96,0,451,2.23,5.2
2023-02-23,53,0,1425,219,1,4.6,9.6,7.06,90,5.53,98,0.5,0,2.15,4.4
2023-02-24,54,0,1552,160,2,1.8,4.3,3.03,78,-0.4,88,1.3,0,4.97,8.3
2023-02-25,55,2,1805,55,1,-1.1,3.3,0.99,79,-2.3,94,2.3,25,6.48,8.8
2023-02-26,56,3,2833,23,0,-3.2,2,-0.75,73,-5.29,79,0,164,3.28,5
2023-02-27,57,0,1541,217,0,-6.3,1.3,-1.76,77,-5.39,65,0,119,1.24,3.6
2023-02-28,58,0,1738,223,0,-4.9,3.4,-0.44,67,-6.07,39,0,552,1.56,3.7
2023-03-01,59,0,1981,234,2,-7.6,4.7,-1.49,71,-6.42,1,0,611,1.88,3.8
2023-03-02,60,5,1740,221,1,-5.8,5.8,0,77,-3.75,22,0,578,1.68,2.9
2023-03-03,61,0,1806,186,0,-2.2,2.5,-0.46,90,-1.93,94,0,65,2.01,3.9
2023-03-04,62,1,1709,38,0,1.6,5.6,3.44,75,-0.56,96,0,51,6.16,7.6
2023-03-05,63,0,1861,29,0,1.3,4,2.5,71,-2.2,99,0.3,38,4.69,7
2023-03-06,64,0,1109,196,1,-0.9,3.8,1.59,77,-2.04,99,0.8,4,3.13,6.6
2023-03-07,65,0,1065,189,1,-0.6,4.9,1.68,80,-1.39,95,3.4,24,4.24,6.7
2023-03-08,66,0,1498,235,2,-1.7,1.8,-0.11,83,-2.72,88,1.5,0,2.07,4.4
2023-03-09,67,2,1661,195,1,-0.8,1.6,0.18,93,-0.85,98,11,4,1.59,2.5
2023-03-10,68,0,1634,146,1,-0.2,11.6,6.89,88,4.98,95,10.8,84,3.01,10.9
2023-03-11,69,0,2509,50,1,-0.8,2.6,0.24,74,-4,79,3.7,300,5.9,12.8
2023-03-12,70,0,2402,18,0,-2.3,9,3.12,67,-2.41,92,0,95,3.65,7.8
2023-03-13,71,0,1271,266,0,7.3,15.9,11.65,73,6.89,92,0.6,193,5.85,9.8
2023-03-14,72,0,1251,306,0,2.2,13,8.18,71,3.04,80,4.2,152,5.16,10.1
2023-03-15,73,0,1438,287,4,-1.5,5.8,1.97,68,-3.44,46,0.6,264,4.3,7.7
2023-03-16,74,0,1532,239,1,-1.6,7.7,3.97,52,-5.34,67,0,480,4.11,8.6
2023-03-17,75,40,1825,177,1,5.8,15.5,11.87,43,-0.58,95,0,368,4.37,7.3
2023-03-18,76,110,1636,37,0,10,18.6,13.93,57,5.18,78,0,547,2.95,5.6
2023-03-19,77,17,1585,14,2,8.1,16.6,11.7,72,6.65,98,0.1,99,1.42,2.8
2023-03-20,78,3,1214,221,0,8.1,11.4,9.81,73,4.99,99,0,25,3.25,5.6
2023-03-21,79,2,1302,287,1,7.8,12.5,9.76,77,5.84,98,0.6,41,2.5,5
2023-03-22,80,10,1250,254,0,8.7,14.3,11.75,65,5.2,98,0,249,3.9,6.6
2023-03-23,81,1,1269,299,0,10.4,15.1,12.73,66,6.33,98,0.2,292,3.98,7.5
2023-03-24,82,16,1545,238,1,8.5,15,12.07,68,6.05,81,2.1,335,3.68,6.1
2023-03-25,83,2,1284,52,0,7.1,12.1,9.11,68,3.41,86,0.8,250,5.32,8.7
2023-03-26,84,4,1346,7,0,4.9,9.7,7.39,79,3.91,92,5.8,61,3.32,8.5
2023-03-27,85,0,1218,206,1,0.1,4.5,2.17,75,-1.82,67,3.2,303,5.41,7.9
2023-03-28,86,6,1291,225,0,1.1,6.8,3.67,65,-2.58,91,0.2,290,4.67,7.8
2023-03-29,87,13,1337,245,0,3.8,11.4,7.69,65,1.48,99,0,20,3.52,6.4
2023-03-30,88,12,1121,259,1,11.2,17.2,13.15,65,6.65,80,3.2,294,4.23,7.1
2023-03-31,89,3,1431,256,2,9.3,12.2,10.3,76,6.32,94,4.2,10,3.61,6.2
2023-04-01,90,4,1320,39,0,4.5,11.5,9.28,81,6.16,98,6.6,2,2.92,5
2023-04-02,91,13,1748,15,1,0.7,5.4,2.88,79,-0.48,97,2.3,14,3.4,4.7
2023-04-03,92,15,1705,219,1,-2.3,4.2,1.13,69,-4.26,66,0,269,2.11,4.9
2023-04-04,93,5,1800,324,4,-5.2,4.9,0.48,68,-5.2,68,0,703,1.32,2.6
2023-04-05,94,7,1787,315,2,-3.7,7.2,2.17,61,-5.12,70,0,223,1.35,2.3
2023-04-06,95,63,2018,254,2,-0.2,12,6.18,48,-4.72,15,0,744,2.62,4.2
2023-04-07,96,227,3035,16,2,-1.3,10.9,6.09,54,-3.02,66,0,737,2.41,4.8
2023-04-08,97,46,2065,40,0,3.6,6.5,4.92,93,3.81,98,1.2,0,1.64,2.3
2023-04-09,98,159,2625,16,0,4.7,14,8.01,73,2.78,62,0,465,1.93,3.9
2023-04-10,99,526,2931,18,1,3.1,16.3,11.03,55,1.74,69,0,616,3.2,8
2023-04-11,100,8,1640,217,2,2.8,12.8,8.22,68,2.42,74,2.4,282,4.3,9.5
2023-04-12,101,6,1549,244,1,2,9.7,7.12,75,2.77,87,4.2,107,3.1,7.2
2023-04-13,102,24,1738,254,1,5,13.5,8.44,68,2.54,72,7.6,423,3.48,7.1
2023-04-14,103,67,2062,221,0,5,10.6,7.42,83,4.66,99,0.4,47,1.74,3.4
2023-04-15,104,21,1337,56,0,5.3,8.7,6.71,95,5.9,99,12.7,0,3.78,5.7
2023-04-16,105,28,1333,12,0,6.4,8.7,7.48,96,6.85,98,10,0,3.38,4.5
2023-04-17,106,53,1393,257,0,5.3,12.7,8.43,74,3.66,98,0,239,2.68,4.9
2023-04-18,107,8,1280,317,0,5,9.8,7.08,86,4.82,100,0.9,0,2.43,3.6
2023-04-19,108,32,1513,289,0,3.7,10.8,7.4,60,-0.36,77,0.9,525,3.76,7
2023-04-20,109,7,1420,288,0,3.4,7.9,5.37,84,2.9,97,3.6,27,2.63,4.5
2023-04-21,110,270,1862,233,5,3,18.7,11.35,68,4.64,27,0,735,3.3,6.6
2023-04-22,111,745,2095,59,0,5.9,22.4,15.5,54,5.24,70,0,692,3.37,5.4
2023-04-23,112,225,1801,23,1,11,18.3,14.72,61,6.9,89,2.3,294,2.54,4.6
2023-04-24,113,7,1223,252,2,7.3,13.2,11.02,66,4.72,89,0,252,4.68,7.3
2023-04-25,114,10,1295,328,1,4.6,7.9,6.42,67,0.5,93,0.6,118,4.57,6.6
2023-04-26,115,12,1428,317,0,1.9,8.4,5.59,60,-1.69,70,0,241,3.42,4.9
2023-04-27,116,64,1555,300,0,1.7,10.3,6.52,60,-1.12,83,0,543,2.11,3.8
2023-04-28,117,163,1813,228,0,4.5,12.2,9.26,68,3.46,99,0.1,11,2.89,4.3
2023-04-29,118,302,2258,67,1,8.9,13.4,11.27,77,7.25,92,0.1,3,3.95,5.7
2023-04-30,119,716,4102,21,0,4.2,13.3,8.53,61,0.85,40,0,770,2.33,5.8
2023-05-01,120,770,3151,21,1,2.9,18.9,12.11,52,2.2,99,0,524,2.38,3.5
2023-05-02,121,62,1553,263,1,6.8,14.1,9.47,73,4.74,93,2.8,40,3.73,5
2023-05-03,122,80,1729,278,0,0,12.6,7.19,65,0.76,52,0,773,1.78,2.9
2023-05-04,123,223,1647,263,1,3.5,17.8,11.15,60,3.17,95,0,759,3.25,6
2023-05-05,124,169,1727,195,1,5.5,18.5,13.18,70,7.49,94,2.5,352,1.76,4.1
2023-05-06,125,464,1837,71,1,9.4,16.9,12.74,82,9.5,93,1.4,283,2.78,4.8
2023-05-07,126,226,1916,17,0,7.6,11,9.39,81,6.26,100,0,1,3.45,4.7
2023-05-08,127,244,1462,229,0,5.7,17.7,11.82,66,5.16,54,0,862,3.78,6.1
2023-05-09,128,309,1570,266,1,6.7,21,14.77,55,5.35,42,0,828,3.06,5.5
2023-05-10,129,71,1419,293,1,11,15.6,13.68,70,8.23,99,0.3,18,1.87,4.5
2023-05-11,130,77,1375,302,1,10.4,16.9,12.91,90,11.36,97,11.1,40,1.15,2.6
2023-05-12,131,422,1896,259,2,9.4,20.8,14.89,67,7.68,55,0,563,2.07,4.5
2023-05-13,132,924,2038,50,3,6,19.9,13.78,63,5.99,30,0,644,1.96,3.8
2023-05-14,133,516,2110,19,2,6.2,19.4,13.42,67,6.72,65,0,404,1.74,3.9
2023-05-15,134,197,1526,339,0,7.1,19.4,14.07,66,7.41,79,0.8,328,3.05,6.9
2023-05-16,135,139,1734,346,2,7.8,13.7,10.28,67,4.1,83,0.2,375,5.11,7
2023-05-17,136,284,1962,275,1,7.2,12.4,9.23,64,2.5,57,0,520,4.34,6.3
2023-05-18,137,1314,3074,26,3,0.7,13.5,8.32,67,2.14,99,0,586,1.75,3.1
2023-05-19,138,1336,2675,112,1,5.6,17.1,11.76,64,4.52,92,0,378,2.02,4.4
2023-05-20,139,1332,2766,56,4,8.2,16.6,12.12,78,8.47,99,0,0,1.61,3.6
2023-05-21,140,1277,2582,24,2,9.7,24.9,17.09,73,11.74,90,0,508,2.28,4.5
2023-05-22,141,234,1596,259,4,11.5,25.8,18.84,69,12.13,92,0.2,483,2.53,4.8
2023-05-23,142,49,1436,274,3,8.9,16.1,12.61,86,10.14,91,2.6,91,4.47,8.5
2023-05-24,143,195,1628,270,2,6.3,12.9,9.56,73,4.88,81,0,258,3.61,6.7
2023-05-25,144,333,1743,289,2,8.6,16,12.26,75,7.76,45,0,660,2.36,3.8
2023-05-26,145,549,2239,227,2,6.9,16.9,11.84,72,6.41,38,0,636,2.83,4.7
2023-05-27,146,1199,2432,67,3,3.6,18.9,12.22,67,5.6,4,0,875,2.12,3.6
2023-05-28,147,1600,3457,34,6,6.2,22.8,15.39,56,5.57,18,0,891,1.68,2.5
2023-05-29,148,999,3074,22,0,7,19.3,13.85,65,6.85,58,0,751,1.99,4.3
2023-05-30,149,262,1748,239,1,5.7,19.1,13.28,66,6.62,61,0,775,2.31,3.5
2023-05-31,150,358,1817,287,2,6.3,22.5,15.64,60,6.92,51,0,935,1.52,3
2023-06-01,151,233,1817,302,1,8.8,15.9,12.42,75,8.01,51,0,653,4.26,7.8
2023-06-02,152,404,1884,239,1,8.3,16.4,12.07,66,5.8,82,0,168,2.63,4.8
2023-06-03,153,872,1884,50,3,2.7,18.7,12.34,52,1.83,17,0,917,1.95,3.3
2023-06-04,154,979,2525,31,2,4.2,21.1,14.18,51,2.67,4,0,924,1.68,3.5
2023-06-05,155,345,1595,220,2,5.9,23.7,16.15,50,4.16,6,0,912,1.82,3.9
2023-06-06,156,251,1545,265,1,10,21.4,15.88,62,8.47,97,0,97,1.3,2.7
2023-06-07,157,202,1622,287,0,15,23.1,18.74,64,11.32,99,0,208,1.44,3
2023-06-08,158,465,1843,279,6,14.9,25.3,18.15,75,13.15,94,5.2,207,1.33,4.2
2023-06-09,159,853,2209,211,2,11.9,25.5,18.87,67,11.88,49,0,605,1.59,2.7
2023-06-10,160,1235,2362,45,7,10.4,26,18.11,67,11.54,23,0.4,783,1.81,7
2023-06-11,161,1020,2217,13,2,11.6,26.1,19.67,56,8.98,15,0,919,2.22,4.4
2023-06-12,162,296,1506,269,1,12,24.8,19.3,50,7.08,11,0,924,2.54,4.7
2023-06-13,163,379,1631,288,1,8.7,24,17.96,50,6.2,35,0,641,2.15,4.1
2023-06-14,164,366,1642,255,1,7.6,20.9,15.99,58,7.33,48,0,506,2.14,4.6
2023-06-15,165,411,1643,231,2,8.9,23.6,17.17,54,6.7,39,0,676,2.02,3.8
2023-06-16,166,455,1783,207,1,12.6,19.9,16.02,71,10.63,88,6.8,47,1.83,3.7
2023-06-17,167,1010,2051,64,2,12.4,23.4,18.44,67,11.71,24,0,898,2.86,5.1
2023-06-18,168,943,2151,20,2,11,27.1,20.47,56,10.31,36,0,762,1.58,2.8
2023-06-19,169,239,1367,196,1,18,27.1,22.51,54,12.54,92,0.2,245,2.22,4.7
2023-06-20,170,173,1395,252,4,17.7,27.9,21.59,74,16.42,85,6.5,359,1.59,3.2
2023-06-21,171,248,1621,271,4,18.2,26.8,22.61,71,16.75,67,6.6,619,2.59,5
2023-06-22,172,247,1358,288,8,16.3,28.5,20.97,76,16.17,86,27.8,293,2.74,9.6
2023-06-23,173,106,1380,224,1,13.8,18.6,16.51,93,15.38,83,46.2,105,3.06,6.8
2023-06-24,174,821,2009,49,0,10.1,24.5,18.53,69,12.13,48,0,921,2.07,3.6
2023-06-25,175,906,2151,16,1,13.6,27.3,22.24,58,13.04,29,0,639,1.68,2.6
2023-06-26,176,194,1437,273,1,18.4,30.2,23.34,54,13.2,53,0.9,552,4.28,8.1
2023-06-27,177,176,1606,247,4,13.2,21.6,17,60,8.96,55,1.6,585,4.52,6.7
2023-06-28,178,317,1798,255,1,12.1,22.4,17.51,63,9.88,27,0,853,3.03,4.8
2023-06-29,179,299,1686,278,3,13.4,22.6,19.22,70,13.37,88,0.4,99,1.25,2.8
2023-06-30,180,192,1685,206,2,14.5,18.4,16.65,86,14.17,97,4.5,47,2.03,4.7
2023-07-01,181,524,1804,47,0,9.9,20.3,16.64,69,10.66,98,0,63,3.01,5.4
2023-07-02,182,492,2010,20,2,15.3,21,17.41,61,9.43,92,0,315,4.42,7.6
2023-07-03,183,158,1523,213,2,12.1,19.8,16.94,55,7.58,81,0,442,3.78,6.6
2023-07-04,184,170,1729,303,0,13.5,22.3,17.7,56,8.65,64,0,493,3.52,6.4
2023-07-05,185,102,1615,257,0,13.9,20,17.54,58,8.85,80,2.6,351,3.87,6.3
2023-07-06,186,298,1829,265,2,11.5,21.1,16.95,59,8.42,52,0,584,2.27,5.3
2023-07-07,187,568,2003,211,0,11.7,27,20.27,50,8.17,7,0,942,2.04,3.5
2023-07-08,188,798,2228,44,1,13.8,30.2,22.72,50,10.45,11,0,914,2.29,4.5
2023-07-09,189,761,2044,23,4,15.3,33,24.57,51,12.87,49,2,759,1.96,4
2023-07-10,190,221,1531,213,9,17.4,24,20.84,75,16.08,68,2,514,3.46,6.3
2023-07-11,191,331,1940,240,0,14.5,31.1,23.42,57,13.45,49,0,901,2.31,4.2
2023-07-12,192,337,1955,256,1,18.7,25.5,22.76,53,12.27,75,0,600,4.5,7.9
2023-07-13,193,289,2035,266,1,12.4,22.3,18.13,61,10.11,71,0,482,3.12,6.4
2023-07-14,194,392,1976,202,0,11.3,25.2,19.51,54,9.32,55,0,612,1.92,4.2
2023-07-15,195,478,1988,51,8,16.6,30.7,24.86,47,12.38,84,0.3,351,3.18,5.2
2023-07-16,196,908,2705,18,1,19.2,24.8,22.08,52,11.29,53,0.2,740,4.05,6.6
2023-07-17,197,254,1963,215,1,12.4,24.5,19.55,52,8.65,55,5.5,527,4.1,11.1
2023-07-18,198,356,2314,206,3,12.1,24.7,18.12,57,8.69,54,0,617,1.84,3.1
2023-07-19,199,243,2249,222,1,12.7,23,18.22,62,10.38,95,2.7,251,2.58,5.1
2023-07-20,200,234,2211,225,0,11.9,20.6,15.98,75,10.92,65,6.9,460,2.42,5.2
2023-07-21,201,213,2183,174,0,11.4,20.3,15.54,70,9.97,98,3.4,99,2.08,4.6
2023-07-22,202,519,2316,44,3,12.9,21.9,17.03,61,9,82,0,273,3.59,6
2023-07-23,203,357,2405,19,2,14.1,22.6,18.77,62,10.97,96,0.2,128,4.01,8.6
2023-07-24,204,188,2088,262,3,14.7,26.2,20.28,66,13.38,92,4.7,340,3.9,6.8
2023-07-25,205,203,2578,237,0,12.8,18.9,15.47,71,10.04,91,0.4,152,2.87,5.7
2023-07-26,206,193,2638,246,0,11.2,19.5,15.12,63,7.78,87,0.2,441,3.1,5.1
2023-07-27,207,66,2114,236,2,13.7,18.3,15.65,77,11.53,88,3.4,0,3.1,6.4
2023-07-28,208,282,2401,208,2,17.9,24.8,20.77,68,14.55,66,0,655,4.35,7.8
2023-07-29,209,195,2096,41,0,16.2,24.1,19.74,76,14.98,75,17.8,333,2.26,5.2
2023-07-30,210,375,2653,21,2,15.7,20.8,18.18,66,11.63,83,0,447,3.29,5.5
2023-07-31,211,54,1751,193,0,14.9,21,17.68,73,12.77,99,0.4,101,3.84,7
2023-08-01,212,85,2144,228,0,14.7,20.8,17.41,75,12.9,79,7.8,343,3.55,6.7
2023-08-02,213,70,2165,214,0,13.6,20.1,16.76,79,13.01,83,3.9,168,3.17,7.1
2023-08-03,214,60,2074,251,2,15.5,19.8,17.45,76,13.21,89,3.6,291,4.72,7.5
2023-08-04,215,355,2492,203,2,14.9,21.1,17.46,70,11.76,83,0.1,381,2.82,5.2
2023-08-05,216,586,2395,44,2,13,20.6,16.82,73,11.76,93,0.2,205,1.68,3.7
2023-08-06,217,223,2312,18,2,12.9,20.5,16.03,79,12.05,98,18.7,265,1.8,4.5
2023-08-07,218,45,1574,184,0,13,17.4,14.89,76,10.69,92,5.2,251,5.3,7.8
2023-08-08,219,114,1822,221,0,12.6,18.8,15,67,8.93,77,2.5,329,5.31,7.6
2023-08-09,220,287,2319,258,0,10.3,19.6,15.35,65,8.37,59,3.9,610,2.94,4.6
2023-08-10,221,501,2591,286,5,9.8,21.5,16.5,63,8.86,31,0,770,2.04,4.7
2023-08-11,222,864,2577,172,1,14.5,27.6,20.76,62,12.66,43,0,761,1.43,2.5
2023-08-12,223,407,2284,40,2,18.3,26,21.68,71,16.1,89,0.9,158,2.3,4.9
2023-08-13,224,1007,2740,15,2,14,25.6,20.15,70,14.05,81,0,440,1.99,4.2
2023-08-14,225,238,2055,268,8,13.4,28.4,21.61,72,15.98,70,0.9,516,2.22,3.6
2023-08-15,226,142,1887,283,5,18.4,27.9,22.53,76,17.83,64,2.6,386,2.08,5.9
2023-08-16,227,158,1906,251,0,15.6,24.7,20.08,85,17.32,68,3.7,412,1.23,3.2
2023-08-17,228,194,1840,223,2,17.7,23.4,18.99,92,17.69,96,22.4,37,1.57,4.8
2023-08-18,229,548,2156,190,2,16.5,27.9,22.02,82,18.5,45,0,589,1.78,4.6
2023-08-19,230,650,2067,53,2,18.4,31.3,25.2,69,18.38,68,0.4,519,1.92,3.8
2023-08-20,231,887,2318,16,4,19.3,27,22.77,76,17.93,64,0,413,1.52,2.8
2023-08-21,232,337,1775,219,0,17.8,25.9,21.81,70,15.82,61,0,427,1.39,2.7
2023-08-22,233,368,1893,233,2,16.1,25.7,20.71,68,14.38,89,0,383,2,5
2023-08-23,234,426,1926,267,1,12.5,24.6,19.25,69,12.8,34,0,734,2.16,4.8
2023-08-24,235,371,1895,312,4,14.9,27,21.2,66,14.31,68,0,364,1.68,4
2023-08-25,236,359,1688,209,11,17.3,24.7,20.84,76,16.38,73,2.3,291,1.66,3.1
2023-08-26,237,630,2183,49,3,12.6,22,18.65,72,12.96,64,4.1,434,2.66,6
2023-08-27,238,475,2244,22,1,11.3,21.3,17.22,66,10.65,91,1.1,89,2.36,4.8
2023-08-28,239,162,1574,296,2,12.5,18.3,15.35,69,9.59,73,0,323,2.56,4.6
2023-08-29,240,125,1604,298,2,13.1,18.1,15.09,77,11.06,99,0,70,1.96,3.1
2023-08-30,241,179,1734,341,0,9.7,20.2,15.07,73,9.95,78,3.3,319,1.58,2.8
2023-08-31,242,117,1645,310,4,10.4,15.8,13.26,76,8.97,85,4.8,230,2.8,5.4
2023-09-01,243,284,1865,268,1,9.6,19.2,15.03,77,10.87,83,0.5,284,1.82,3.4
2023-09-02,244,655,1956,51,0,10.8,21.4,16.55,82,13.3,79,0.3,272,1.07,1.7
2023-09-03,245,974,2587,19,3,12.4,19.5,16.06,77,11.78,96,0,523,2.19,4.2
2023-09-04,246,384,1727,201,3,9.6,24.7,17.26,68,10.58,23,0,767,2.16,3.4
2023-09-05,247,432,1886,244,4,14.7,28.8,22.77,54,12.65,17,0,773,2.31,4.1
2023-09-06,248,530,1902,273,5,12.1,28.6,20.91,64,12.84,2,0,769,1.88,3.7
2023-09-07,249,488,1958,267,2,15.7,27.6,20.84,62,12.81,30,0,758,2.66,4.9
2023-09-08,250,650,2145,173,5,12.1,29.7,21.7,58,12.07,0,0,755,2.32,4
2023-09-09,251,1088,2624,51,1,11.8,29.8,21.13,60,11.89,45,0,740,1.7,3
2023-09-10,252,1133,2699,14,5,13.1,28.2,20.95,69,14.37,24,0,732,1.55,2.5
2023-09-11,253,338,1663,265,1,14.2,29.8,22.65,64,14.5,24,0,708,1.88,3.2
2023-09-12,254,149,1668,284,4,16.4,24.9,21.09,69,14.83,77,0,438,1.6,4.7
2023-09-13,255,63,1522,268,6,12,22.5,16.7,86,14.2,93,19.4,112,2.71,5.4
2023-09-14,256,234,1893,279,2,7.2,17.2,12.67,76,8.39,35,0,527,1.77,3.2
2023-09-15,257,520,2159,226,1,8.3,21.5,14.78,74,9.79,12,0,707,2.4,4.6
2023-09-16,258,1031,2539,64,3,10.3,25.6,17.23,72,11.65,26,0,661,1.99,4
2023-09-17,259,914,2992,18,4,13.7,27.7,20.47,70,14.18,86,0,316,2,3.7
2023-09-18,260,106,1533,225,1,16.7,23.3,20.5,70,14.8,85,0,77,3.34,5.5
2023-09-19,261,77,1690,295,3,14.5,19.8,17.19,59,9.01,74,0,500,4.37,7.1
2023-09-20,262,188,2042,291,0,15.9,23,19.1,61,11.42,89,0,490,3.98,6.6
2023-09-21,263,140,1708,254,0,16.7,22.8,19.88,62,12.36,73,0.3,219,3.04,5.1
2023-09-22,264,257,2043,184,3,14.2,19,15.93,74,11.3,84,1.8,71,3.21,5.6
2023-09-23,265,391,2264,50,1,11.5,17.4,14.32,66,7.92,65,0,490,3.31,6.1
2023-09-24,266,575,2725,24,0,10.8,19.4,14.43,69,8.6,48,0,440,1.95,3.6
2023-09-25,267,186,1635,207,1,10.6,20.6,15.03,62,7.25,49,0,643,2.53,3.6
2023-09-26,268,310,1891,283,4,6.4,24.1,15.59,72,9.85,42,0,658,2.02,3.4
2023-09-27,269,327,1934,284,0,10.9,26.1,18.3,71,12.38,65,0,596,1.92,3.2
2023-09-28,270,271,1840,266,1,13.6,25.6,19.12,73,13.88,73,0,469,1.65,3.3
2023-09-29,271,165,2293,247,1,14.9,24.9,19.61,72,14.22,98,2.2,96,3.05,6.9
2023-09-30,272,593,2702,48,1,10.1,18.2,14.02,72,8.86,60,0.2,481,2.54,5.1
2023-10-01,273,627,3815,18,1,10.6,20.7,15.43,72,10.16,100,0,86,1.26,5.1
2023-10-02,274,741,3352,195,2,12.7,25.9,19.73,66,12.78,77,0,453,2,5.7
2023-10-03,275,263,2841,30,0,12,22.8,18.32,66,11.63,83,11.8,98,4.82,8.3
2023-10-04,276,47,1871,269,0,12.3,16.6,13.83,68,7.99,57,0,390,4.28,7.4
2023-10-05,277,51,1877,269,0,12.5,17,14.49,68,8.56,99,0,319,4.64,7.1
2023-10-06,278,164,2186,213,1,9.4,19,15.38,66,8.8,76,0,323,3.52,9.3
2023-10-07,279,219,1893,39,1,15.6,21.1,17.97,67,11.6,94,0,181,8.3,11.7
2023-10-08,280,204,2294,12,2,8,18.5,12.32,73,7.49,96,4.8,351,2.77,7
2023-10-09,281,14,1426,193,1,10.8,17.2,14.1,83,11.13,96,15.9,1,3.15,8
2023-10-10,282,88,1757,239,2,13.5,20,16.66,78,12.71,96,0.1,271,2.15,4.9
2023-10-11,283,264,2101,322,1,18.8,23.6,21.27,47,9.54,94,0,426,5.88,8.2
2023-10-12,284,6,1630,295,0,12.1,20.4,15.34,82,11.85,99,6.8,0,2.66,5.8
2023-10-13,285,56,1768,209,0,12.2,22.2,18.2,75,13.52,87,0.1,260,4.15,8.2
2023-10-14,286,69,1793,49,0,7.5,18.8,13.22,70,7.82,80,11.6,412,4.9,9.6
2023-10-15,287,19,1888,12,0,6.1,9,7.42,70,2.3,41,0.4,314,4.9,7
2023-10-16,288,8,1644,200,0,5.1,10,7.05,77,3.3,71,0.1,90,2.88,4.6
2023-10-17,289,44,2209,262,2,3.1,9.9,6.39,85,3.96,61,0,218,1.53,3.1
2023-10-18,290,25,2247,266,0,-0.2,10.5,5.61,80,2.39,79,0,387,2.42,4.5
2023-10-19,291,19,1691,287,1,5.9,10.7,7.89,93,6.84,99,11.7,0,2.47,4.4
2023-10-20,292,5,1812,160,1,6.6,9.6,7.38,97,6.91,99,13.3,0,3.32,5.9
2023-10-21,293,41,1979,57,0,7.5,17.1,11.54,84,8.65,71,0.7,345,2.65,5.6
2023-10-22,294,52,2285,17,0,9.5,14.3,11.72,77,7.72,89,0,162,2.33,4.8
2023-10-23,295,52,2122,219,2,8,14.4,10.78,87,8.55,92,0,111,1.46,3
2023-10-24,296,8,1987,308,1,10.3,13.9,11.77,84,9.2,98,0.9,0,2.43,6.1
2023-10-25,297,18,2371,288,0,5.5,13.7,9.84,82,6.8,91,1.1,387,2.35,5.6
2023-10-26,298,2,1849,272,1,8,11.8,10.21,86,7.94,89,2.2,120,1.56,4.3
2023-10-27,299,2,1943,198,0,4,10.1,7.78,93,6.68,99,4.7,0,1.05,1.8
2023-10-28,300,29,1965,61,2,7.3,12.7,10.43,83,7.62,92,1.7,36,2.59,4.5
2023-10-29,301,15,2228,16,0,10.5,15.1,12.5,78,8.81,96,6.5,80,5.84,9.6
2023-10-30,302,52,1939,167,1,11.4,15.4,12.7,74,8.15,99,0,107,3.81,6.5
2023-10-31,303,90,1742,16,0,10.3,12.1,11.19,77,7.22,83,1.5,172,4.59,9.1
2023-11-01,304,3,1568,252,3,7.9,13.9,11.31,80,8.02,99,0.5,48,3.33,6
2023-11-02,305,1,1493,243,1,9.4,13.2,11.16,71,5.97,91,0,2,5.06,11.8
2023-11-03,306,14,1727,212,1,7.6,10.9,9.28,67,3.5,77,0,270,2.94,7.1
2023-11-04,307,8,1485,53,2,6.5,10.8,7.88,72,3.07,74,1.2,200,4.31,7.2
2023-11-05,308,2,1192,14,1,8.6,11.6,9.9,80,6.5,96,2.5,33,4.54,8.9
2023-11-06,309,2,1198,210,4,9,12.4,10.17,70,4.86,70,1.1,175,4.64,9.6
2023-11-07,310,1,1320,288,4,8.2,11.1,9.33,72,4.59,65,0.3,39,3,4.9
2023-11-08,311,0,1332,300,1,7.8,10.5,8.83,71,3.81,85,0,187,3.71,6.6
2023-11-09,312,0,1317,284,3,7.8,10.1,8.84,78,5.11,98,0.1,71,5.13,9.9
2023-11-10,313,1,1713,227,2,6.8,9.2,7.78,72,3.05,85,0,77,3.97,8.4
2023-11-11,314,3,1209,74,1,4.9,7.5,6.29,80,3.12,97,6.1,94,2.83,5.3
2023-11-12,315,8,2005,11,0,4.3,8.7,6.57,70,1.41,88,0.2,223,3.33,6.1
2023-11-13,316,0,1210,236,1,0.3,12.2,6.17,80,2.95,78,5.4,0,4.37,9.3
2023-11-14,317,0,1202,257,4,9,12,11.02,70,5.78,87,2.2,110,7.43,9.8
2023-11-15,318,0,1233,245,2,7,9.9,8.45,82,5.48,89,4.4,16,4.08,6.9
2023-11-16,319,6,1299,264,1,1.2,8.5,6.32,78,2.63,85,0.1,138,3.2,5.4
2023-11-17,320,1,1655,217,2,1.7,6.7,4.41,78,0.8,92,0.7,155,4.74,6.4
2023-11-18,321,8,1477,69,2,0.4,7.1,4,84,1.5,91,3.9,160,3.06,9.2
2023-11-19,322,4,1689,11,0,4.4,12.2,10.15,74,5.64,70,1.1,255,6.39,10.8
2023-11-20,323,0,1146,196,0,7.7,11.3,10,76,5.94,89,1.4,59,4.83,7.2
2023-11-21,324,0,1292,248,4,1.7,8,5.37,85,2.95,100,2,0,2.52,3.8
2023-11-22,325,0,1342,252,0,-2.5,5.2,-0.08,79,-3.51,76,0,144,1.82,3.9
2023-11-23,326,0,1114,259,2,6.3,10.9,8.83,77,4.95,77,3.8,179,8.87,11.5
2023-11-24,327,0,1382,153,2,0.7,6.8,4.04,77,0.32,89,5.5,94,7.55,9.1
2023-11-25,328,2,1326,46,5,0.2,3.3,1.94,82,-0.91,92,1.8,1,5.42,8.8
2023-11-26,329,0,1972,23,3,0.1,4,2.19,79,-1.14,93,2,53,2.58,5.8
2023-11-27,330,0,1091,145,10,-0.1,3.6,2.08,89,0.47,89,5.4,0,2.3,4.7
2023-11-28,331,0,990,155,2,-5.5,-0.3,-2.37,92,-3.5,95,16.8,0,2.62,4.2
2023-11-29,332,0,1011,189,0,-5.4,1.7,-0.92,76,-4.71,96,0.2,12,3.92,8.1
2023-11-30,333,0,1377,185,4,-7.7,-0.7,-4.51,89,-6.13,95,0.5,54,0.78,1.4
